Episode,TotalReward,FinalPosition,MaxPosition
0,-200.0,-0.3294193722902703,-0.27995003648200495
1,-200.0,-0.4962460842345767,-0.2426802119567765
2,-200.0,-0.5831048271866268,-0.389669575940324
3,-200.0,-0.45238014204458815,-0.33170033209003735
4,-200.0,-0.5829050577117263,-0.1360252632790908
5,-200.0,-0.8441888867853369,-0.21802620619641871
6,-200.0,-0.5359537171695672,-0.34063715938450806
7,-200.0,-0.28198549972057146,-0.17598699404920798
8,-200.0,-0.7240766651427437,-0.26847841613343415
9,-200.0,-0.4946896905905653,-0.2983799296718585
10,-200.0,-0.44758825363044374,-0.20263342593190536
11,-200.0,-0.6285289079341322,-0.3151003471866923
12,-200.0,-0.7181383235186451,-0.2826244010247162
13,-200.0,-0.9466276471763237,-0.11495169339605199
14,-200.0,-0.5679339797877146,-0.12905591851935574
15,-200.0,-0.2666744487406645,-0.11694455729048438
16,-200.0,-0.5582558040938576,-0.2614577286920638
17,-200.0,-0.34389384656458694,-0.3131970583771639
18,-200.0,-0.7144774397806684,-0.2291463234003084
19,-200.0,-0.2619310589418351,-0.2619310589418351
20,-200.0,-0.6491152774786471,-0.24050933041662886
21,-200.0,-0.8124247429722988,-0.2510019230426366
22,-200.0,-0.42152615744824284,-0.31199519588600505
23,-200.0,-0.5600049791712587,-0.2678317782428482
24,-200.0,-0.5568699993845503,-0.3246840973661175
25,-200.0,-0.5388180000999306,-0.38955699529387294
26,-200.0,-0.28107204203064823,-0.28107204203064823
27,-200.0,-0.598812788223239,-0.1802584549855282
28,-200.0,-0.3113850484346936,-0.3113850484346936
29,-200.0,-0.6916693145498335,-0.2858300239765705
30,-200.0,-0.8349598714413975,-0.25875624680069015
31,-200.0,-0.6003068945020236,-0.40856127520198576
32,-200.0,-0.2582797700929071,-0.24751317300813452
33,-200.0,-0.4811451603984137,-0.24746297496427405
34,-200.0,-0.4424902513821979,-0.26945755011037403
35,-200.0,-0.6457748275641343,-0.17425515256304386
36,-200.0,-0.624322454469857,-0.20078458346810188
37,-200.0,-0.7518207896721177,-0.329719865437786
38,-200.0,-0.5701253070035126,-0.23369222088820799
39,-200.0,-0.5864366729724116,-0.3831897484171568
40,-200.0,-0.46604714423118615,-0.16110806222763172
41,-200.0,-0.2871357630149642,-0.23037257049100518
42,-200.0,-0.732567363614462,-0.28570949037819676
43,-200.0,-0.5207752137395578,-0.32034123669775383
44,-200.0,-0.47119036523376717,-0.30334480259300994
45,-200.0,-0.45324399580789515,-0.2009790668154903
46,-200.0,-0.43660830830105046,-0.3833368644051974
47,-200.0,-0.6539577011836576,-0.09795900973186426
48,-200.0,-0.479785044497518,-0.3779173410782254
49,-200.0,-0.544409682809423,-0.19465705276946177
50,-200.0,-0.7548239768609891,-0.08868728655550623
51,-200.0,-0.781452051063297,-0.15311025979859116
52,-200.0,-0.6003834132210816,-0.22411958147160374
53,-200.0,-0.6140326002447316,-0.2797546139301966
54,-200.0,-0.7675498969662452,-0.32979993431483084
55,-200.0,-0.41434272968117436,-0.2547665400607705
56,-200.0,-0.37921552489783394,-0.19364797734619052
57,-200.0,-0.841329340303688,-0.2274491208955991
58,-200.0,-0.6665848368116236,-0.17688303381149273
59,-200.0,-0.5162086192932294,-0.42469757840704375
60,-200.0,-0.18137782723714127,-0.1728170389418669
61,-200.0,-0.5976052373070676,-0.062078748642228475
62,-200.0,-0.48865344976167174,-0.20369079166498053
63,-200.0,-0.4293822689924552,-0.39175368523004095
64,-200.0,-0.8848758977426657,-0.2093178873610664
65,-200.0,-0.8106719786634217,-0.047040068647203476
66,-200.0,-0.7990707823872086,-0.23591819746835216
67,-200.0,-0.6910746392209066,-0.16228637326123335
68,-200.0,-0.3565131034474483,-0.2822415489467096
69,-200.0,-0.4757930690285236,-0.31223434038708264
70,-200.0,-0.3633889073487287,-0.1779942730046135
71,-200.0,-0.15283412171335628,-0.1520182071517924
72,-200.0,-0.7464576564419547,-0.2316758924308101
73,-200.0,-0.38833140347868655,-0.26851066754032715
74,-200.0,-0.3070574007930142,-0.22674749350328016
75,-200.0,-0.4303639819360056,-0.2945753813874225
76,-200.0,-0.68923441356117,-0.27758890793367974
77,-200.0,-0.7195730062341171,-0.0899271846091529
78,-200.0,-0.42859205043069987,-0.13290522804265115
79,-200.0,-0.4658452272398529,-0.3979201976515103
80,-200.0,-0.9940095864051092,-0.07995370300981015
81,-200.0,-0.43105213449918045,-0.13163990395837913
82,-200.0,-0.4548723407430425,-0.20954395999556394
83,-200.0,-0.3238419648254682,-0.06540091423871243
84,-200.0,-0.6060382986923042,-0.2596568492183412
85,-200.0,-0.26018992753014725,-0.26018992753014725
86,-200.0,-0.22909352782319958,-0.22909352782319958
87,-200.0,-0.6256828915519145,-0.33551328032952055
88,-200.0,-0.35919256177931974,-0.21770776045268916
89,-200.0,-0.32702004824277175,-0.28999769269366704
90,-200.0,-0.1216720874451031,0.02855647001255977
91,-200.0,-0.7189147930161048,-0.07313470639406708
92,-200.0,-0.5803114541755631,-0.3896270802632776
93,-200.0,-0.629061224536493,-0.10465216419869497
94,-200.0,-0.270574586197367,-0.270574586197367
95,-200.0,-0.2682411927076673,-0.2682411927076673
96,-200.0,-0.40137252586420064,-0.21965474443579494
97,-200.0,-0.4314045366050882,-0.24639964105145873
98,-200.0,-0.7422962692994193,-0.16145439781548163
99,-200.0,-0.12443693659646496,-0.024266846785705766
100,-200.0,-0.33824584441454875,-0.17788119161029284
101,-200.0,-0.4560790804311422,-0.2172807603330215
102,-200.0,-0.8559036703137103,0.007927331261374442
103,-200.0,-0.5980243908945521,-0.2817858059653905
104,-200.0,-0.7834619657041653,-0.2775004836406642
105,-200.0,0.08459846526128985,0.08459846526128985
106,-200.0,-0.48774998923070106,-0.1553075535690481
107,-200.0,-0.6109224866689318,-0.19572635643595437
108,-200.0,-0.7480401900206957,-0.22308560763325117
109,-200.0,-0.359573133889092,-0.359573133889092
110,-200.0,-0.3826998672087474,-0.36751278261735726
111,-200.0,-0.6369342757701252,-0.2315893064813224
112,-200.0,-0.39997295225784835,-0.2783496849347721
113,-200.0,-0.7877365073000095,-0.14307016416604162
114,-200.0,-0.1961118888415922,-0.07352560575647095
115,-200.0,-0.7995045934741372,-0.23727195931851236
116,-200.0,-0.37043245732626195,-0.2022791235884895
117,-200.0,-0.5134431270516724,-0.1766576599333937
118,-200.0,-0.10118221799404563,-0.09923147881650284
119,-200.0,-0.5983809291645621,-0.23706758121757332
120,-200.0,-0.22401870241727811,-0.22401870241727811
121,-200.0,-0.2562106648369053,-0.09796811739196874
122,-200.0,-0.9361269172218039,0.004727893828157026
123,-200.0,-1.1094646168488327,-0.03873964125078491
124,-200.0,-0.8499831417813919,-0.07624530730104512
125,-200.0,-0.7712535346987386,-0.2950707201687376
126,-200.0,-0.983202972036734,-0.1775986371740568
127,-200.0,-0.177082447652007,-0.177082447652007
128,-200.0,-0.3483172741116499,-0.3483172741116499
129,-200.0,-0.4219413894671745,-0.14269433959312397
130,-200.0,-0.3068979052216818,-0.064038928541947
131,-200.0,-0.877715731844881,-0.18829638540797414
132,-200.0,-0.015356280634476058,-0.01118170301736995
133,-200.0,-1.00225542060224,-0.002928333006813131
134,-200.0,-0.5593012919733777,-0.3144938232753734
135,-200.0,-0.8828266290286325,-0.29296179057551525
136,-200.0,-0.9250489065083322,-0.1546132036005754
137,-200.0,-0.9905579238562606,-0.137826617754865
138,-200.0,-0.5386051792428149,-0.19662324616207338
139,-200.0,-0.651202042422539,-0.2896285685449514
140,-200.0,-0.08825826470760989,-0.08825826470760989
141,-200.0,-0.5404135344766389,-0.3461909980527285
142,-200.0,-1.192266922003125,0.07939710440902328
143,-200.0,-0.9928605842991545,-0.08939165574116434
144,-200.0,-0.28136750781855097,-0.20375723085134775
145,-200.0,-0.6727583323336581,-0.3699905678612571
146,-200.0,-0.4144451898886798,-0.3344413667103683
147,-200.0,-1.152666349334201,0.007110840975181779
148,-200.0,-0.6261246967968542,-0.26416259699506767
149,-200.0,-1.03029449453478,-0.10945649704367763
150,-200.0,-0.5199361086362542,-0.23122367924904202
151,-200.0,-0.9318162425117853,-0.05918267076667524
152,-200.0,-0.017016863801829,-0.017016863801829
153,-200.0,-0.9283511279601678,0.09423249297602006
154,-200.0,-0.2202065788638324,-0.2202065788638324
155,-200.0,-0.6174532480479862,-0.23150380256635028
156,-200.0,-0.8721148908524594,-0.16232842428307645
157,-200.0,-0.15121537213102776,-0.07870761778032176
158,-200.0,-1.054880775696135,-0.10630145299497774
159,-200.0,-0.15083024283950658,-0.09980977542751789
160,-200.0,-0.1764418078668286,-0.1764418078668286
161,-200.0,-0.8659942260194694,-0.08701235500858184
162,-200.0,-0.7985947527379911,-0.15570507256433438
163,-200.0,-0.6567049233703379,-0.18397540389746986
164,-200.0,-0.926235214128797,-0.15058430399591688
165,-200.0,-1.1109806548452694,-0.042934116221342314
166,-200.0,-0.6997138548344268,-0.09143008522774987
167,-200.0,-0.3474558582582142,-0.09590399070094781
168,-200.0,-0.8737061493443613,-0.020139457814918764
169,-200.0,-1.0391861381050047,-0.09211056439798354
170,-200.0,-0.39653427153434806,-0.28047400466816796
171,-200.0,-0.9623422520960525,-0.16137445857570648
172,-200.0,-0.24768476623677854,-0.14003810017707025
173,-200.0,-0.43282867305543365,-0.22126036598301835
174,-200.0,-0.8079295184445511,-0.2306274983270831
175,-200.0,-0.6199837187508501,-0.06545970809988168
176,-200.0,-0.38753131664698737,-0.28056083755033134
177,-200.0,-1.000643449011241,-0.09520268564622707
178,-200.0,-1.050658346464152,-0.0834631966393705
179,-200.0,-0.6318950240038048,-0.10552673595179296
180,-200.0,-1.1578381025390128,-0.0031444841946056006
181,-200.0,-1.0785610455330827,-0.0648395327389421
182,-200.0,-0.7374483505412386,-0.2731486720907446
183,-200.0,-0.35404551742970203,-0.35404551742970203
184,-200.0,-0.3082922101131161,-0.2826441546728318
185,-200.0,-1.0403159515487268,-0.03448439026662197
186,-200.0,-0.3763158008307234,-0.25296835976868487
187,-200.0,-0.5378609125461296,-0.1337920524100588
188,-200.0,-0.9181968898016244,-0.1516444482633207
189,-200.0,-1.0184813430175734,-0.10868460426482308
190,-200.0,-0.4287196466265761,-0.028200955699617537
191,-200.0,-0.9483015617454045,-0.10356273701656878
192,-200.0,-0.2689729759790769,-0.07242754544013834
193,-200.0,0.09043454065212297,0.1254058457665943
194,-200.0,-0.6522113276897534,0.016011026369227303
195,-200.0,-0.9251679641640351,-0.11071731683703509
196,-200.0,-0.6623088764162431,-0.1806311858893852
197,-200.0,-0.48970380901289934,-0.3270208062982609
198,-200.0,-0.5455180906240559,-0.17596198690332723
199,-200.0,-1.0410604244542319,-0.12992402866883995
200,-200.0,-0.5054705392291239,-0.2895509311713636
201,-200.0,-0.41513612265856237,-0.14872551302931172
202,-200.0,-0.7676185288360392,-0.15707533132403098
203,-200.0,-0.14700629709709478,-0.14496195461876737
204,-200.0,-0.9350374389208305,-0.1980437256662516
205,-200.0,-0.5688627915206379,-0.17877869087017048
206,-200.0,-0.3851042701846952,-0.17045557431663408
207,-200.0,-0.9631056183658973,-0.10347653458061616
208,-200.0,-0.14484687019973566,-0.026833015259021428
209,-200.0,-1.050391434428809,-0.09900978247270846
210,-200.0,-0.08402709691808222,-0.08402709691808222
211,-200.0,-0.7847758316072334,-0.1296268421599303
212,-200.0,-0.6859826887717566,-0.1853416252815319
213,-200.0,-0.41887105489523907,-0.22782440351233638
214,-200.0,-0.3731209460798502,-0.21655833169828773
215,-200.0,-0.192374214594271,-0.192374214594271
216,-200.0,-0.8555223631545157,-0.1717219516788989
217,-200.0,-1.0936310687950697,-0.14540181973191454
218,-200.0,-0.5586328465117906,-0.10180178432451117
219,-200.0,-1.1804945934042146,-0.01761649198289437
220,-200.0,-0.5834862457012865,-0.22676759573187
221,-200.0,-0.07880181161512945,-0.06854030870865976
222,-200.0,-0.9637798983235888,-0.21330240980594029
223,-200.0,-0.20285668001322757,0.0647348257132081
224,-200.0,-0.7001870561028748,-0.16204992780258173
225,-200.0,-0.32433154214491844,-0.2560835199228083
226,-200.0,0.14459537898074465,0.14459537898074465
227,-200.0,-0.9289932427767542,-0.14450250813103954
228,-200.0,0.047247269898854354,0.15668134560310712
229,-200.0,-0.9139657403314416,-0.11348574741921812
230,-200.0,-0.9053325200594755,-0.1914910666725444
231,-200.0,-0.3889975979466239,-0.2527392536841332
232,-200.0,-0.5644482407329292,-0.42445304895179825
233,-200.0,-1.0072564085517342,-0.028392627150783
234,-200.0,-0.9416650382138081,-0.04059643371520518
235,-200.0,-0.44997077172833133,-0.3427154729584344
236,-200.0,0.07058565546913934,0.14135444240797196
237,-200.0,-0.5536072986171389,-0.036204742577297735
238,-200.0,-0.7000813162813208,-0.11646569696162037
239,-200.0,-0.60230228476149,-0.06854631069731532
240,-200.0,-0.7902663728102083,-0.2036302429652319
241,-200.0,-0.8763101991685294,-0.07127135578040425
242,-200.0,-0.8505902532712062,-0.25539282932623886
243,-200.0,-0.1835636797402893,0.017556410687258727
244,-200.0,-1.1025197448647097,0.04902772508806891
245,-200.0,-1.116008164684652,-0.006148440291033774
246,-200.0,-0.5954082331557075,-0.03044780382408553
247,-200.0,-1.0726861490278952,0.033493929664882204
248,-200.0,0.17906552738446624,0.17906552738446624
249,-200.0,-1.0447640078659475,0.0022493814207876672
250,-200.0,-0.5643942584004615,-0.16429050295219488
251,-200.0,-1.0107389048817113,-0.09163699185116525
252,-200.0,-0.7478614071560226,-0.16848968335615333
253,-200.0,-1.084512866742993,0.004335672891068822
254,-200.0,-0.45723133259844373,-0.08840797020713034
255,-200.0,-0.8030834385475256,-0.12627620675929127
256,-200.0,-0.7701996434106866,-0.24133421322375814
257,-200.0,-0.062142767598707585,0.07194323990353388
258,-200.0,-1.1445729419934447,-0.08431480224057579
259,-200.0,-0.42486425620737434,0.001652071798417181
260,-200.0,-0.45831618867097296,-0.16282553040786996
261,-200.0,-0.7923969432589149,-0.1677330539312765
262,-200.0,-0.08842786294490676,-0.015063182056294864
263,-200.0,-0.01622211357949525,-0.01622211357949525
264,-200.0,-0.3902749617671142,-0.2443419578953223
265,-200.0,-0.22346613021437425,-0.22346613021437425
266,-200.0,-0.09487979127826641,-0.09487979127826641
267,-200.0,-0.7231569957054481,-0.21348718943381828
268,-200.0,-0.28854746604826387,-0.105720829330783
269,-200.0,-1.1455109105783858,0.008224140815227031
270,-200.0,-0.05064141829738274,-0.05064141829738274
271,-200.0,-1.143683241087433,0.12558576196132662
272,-200.0,-0.9369848383311856,-0.163707819107681
273,-200.0,-0.08651467668328258,0.006808670675229571
274,-200.0,-1.2,0.18140972705130698
275,-200.0,-0.20208310095728574,-0.18626666748344659
276,-200.0,-0.02446863682052449,0.062302682451880594
277,-200.0,-0.3474464866786749,-0.21623132331119158
278,-200.0,-0.24748738967289335,-0.17172114716709402
279,-200.0,-0.4350662830195221,-0.1516861434355646
280,-200.0,-1.1144380377932201,0.04539749678234886
281,-200.0,0.25643032706090757,0.25643032706090757
282,-200.0,-0.6100209958794734,-0.14895504953703806
283,-200.0,0.057236376303571965,0.0684278554380348
284,-200.0,-0.969361311638678,0.13307440756144578
285,-200.0,-0.031889491976274394,-0.011943496736924908
286,-200.0,-0.7786140686427173,-0.02922677809978672
287,-200.0,-0.8826750929574525,-0.25761248064356607
288,-200.0,-0.7000296190241767,-0.08706898165413567
289,-200.0,-1.0158164588101148,-0.09978810153462564
290,-200.0,-1.091092767004711,0.003929270831935228
291,-200.0,-0.29630921527524456,-0.13858501708215543
292,-200.0,-0.30445714350931863,-0.09259809745925525
293,-200.0,-0.799317421463201,-0.2139665168164533
294,-200.0,-1.076552749133415,0.05860208958483775
295,-200.0,-1.0335391478776985,0.3082568901095887
296,-200.0,-0.0053105821643218976,-0.0053105821643218976
297,-200.0,-0.8467495041299659,0.002787750158233563
298,-200.0,-0.6405505939377052,-0.2508715277644233
299,-200.0,-0.6143410947962895,-0.21103233072149494
300,-200.0,-1.186414538306101,0.011687544070933505
301,-200.0,-1.0705788355588437,-0.04817448757779659
302,-200.0,-0.929074990339821,0.05569064136967947
303,-200.0,-0.011475826577812386,-0.011475826577812386
304,-200.0,-1.078878173542989,-0.09034788862227096
305,-200.0,-1.069643919682184,-0.026947455417348044
306,-200.0,-0.6585910898142113,-0.01743837552328478
307,-200.0,-0.9365400941239369,0.013739115434293785
308,-200.0,-0.4930248872681636,0.044648986356649746
309,-200.0,0.22833063667304593,0.24122431179288112
310,-200.0,-0.8909343357480903,-0.2322977406499258
311,-200.0,-0.19698839931083525,-0.19698839931083525
312,-200.0,-0.9390497990961496,-0.17011238929696484
313,-200.0,-0.6451324901774065,0.2593837753259569
314,-200.0,-1.1248348623285196,-0.0711322416899356
315,-200.0,-0.7752812812300041,-0.017943881871506456
316,-200.0,1.3509701346173936e-05,0.09929859171067511
317,-200.0,-0.9330918810759777,0.06342814462184514
318,-200.0,-1.1435004310009487,-0.024136879424779184
319,-200.0,-0.8787886006271656,0.023661917778750607
320,-200.0,-0.9862312007033925,0.0021596555793313914
321,-200.0,-1.1422083569756247,-0.07599661768012282
322,-200.0,0.43599600018259294,0.43599600018259294
323,-200.0,-0.4484505610050783,-0.06716855702010431
324,-200.0,0.06543949639821764,0.10369653522356287
325,-200.0,-0.21926462779301759,-0.21926462779301759
326,-200.0,-0.12692145800845933,-0.12692145800845933
327,-200.0,0.011489936543771544,0.011489936543771544
328,-200.0,0.34136471990678147,0.34136471990678147
329,-200.0,-0.36663845249896354,0.06349389718380274
330,-200.0,-0.29086977482867643,-0.05405476639913901
331,-200.0,-1.0659615532237736,-0.037687410166386166
332,-200.0,-0.2916949360405394,0.0683486842107382
333,-200.0,-0.6900711534643515,-0.1591318856671786
334,-200.0,-0.4308180093959428,-0.08987742377096244
335,-200.0,-0.7839088588179035,-0.14998732175029872
336,-200.0,-1.1011239752616162,-0.10726322547252862
337,-200.0,-0.9645520051263334,-0.11343394590351984
338,-200.0,-1.1495873766134383,-0.01479998197264024
339,-200.0,0.0071088038150721525,0.04107749350684222
340,-200.0,-0.8868113008652904,-0.22879598441188853
341,-200.0,-0.09840911020708817,0.005148653883188771
342,-200.0,-0.9841704562341197,-0.06260398245167595
343,-200.0,-0.061057965845925294,0.006421162675317851
344,-200.0,-0.39837946847754346,-0.2670614771876564
345,-200.0,-1.0791130119788916,0.030019382577711744
346,-200.0,-0.27106820165520984,0.09214427611784957
347,-200.0,-0.8148906717964634,0.0033282494077029145
348,-200.0,-1.141147713645217,-0.03244712242591855
349,-200.0,-1.1550580960631405,-0.15316623584805067
350,-200.0,-0.8410181821200435,-0.0704599297515238
351,-200.0,-1.1845087842422777,0.01608809818709586
352,-200.0,-1.1793734884823506,0.05390628936625202
353,-200.0,-0.9164011861451495,-0.1329409741210518
354,-200.0,-0.5123801142311041,-0.32079458153899615
355,-200.0,-0.3239790300991637,-0.0067632937702992585
356,-200.0,-0.21207355030743988,-0.07610046152586186
357,-200.0,-0.0882089055853226,-0.00878876437711607
358,-200.0,-1.1477810152502532,-0.030060249505516216
359,-200.0,-0.9798771118680717,0.31011224536083387
360,-200.0,-0.907802899768733,0.0025096686425792967
361,-200.0,-1.0974792403598301,0.047395355318488784
362,-200.0,-0.48750805272281006,0.0035385035370244003
363,-200.0,-1.0847656177556584,-0.004333369858746236
364,-200.0,-0.6932523504973332,0.0053514341798689136
365,-200.0,-0.39355700081821954,-0.09112175954950769
366,-200.0,-0.5578624336475231,0.04763646121542861
367,-200.0,-1.0406521599225382,0.002525702544600385
368,-200.0,-0.005871325151291287,0.017982401244930023
369,-200.0,-0.559238346053177,-0.036890311524094097
370,-200.0,-0.7284760630720483,-0.1170688479134443
371,-200.0,-0.38514539415353233,0.049061230253165056
372,-200.0,-0.6972895207844233,-0.013910625623573217
373,-200.0,-0.896887777104883,-0.13561163516794403
374,-200.0,0.009041971615914496,0.009041971615914496
375,-200.0,-0.0206242569084331,0.15521858546559097
376,-200.0,-0.4534632875487914,-0.13289699377921949
377,-200.0,-1.0012614751862317,0.005063762308935547
378,-200.0,-0.9298491249250564,-0.1654319653112486
379,-200.0,0.183363266099174,0.183363266099174
380,-200.0,-0.08359424744622385,-0.08359424744622385
381,-200.0,-0.9842768180850009,0.011073526762093692
382,-200.0,-0.48684971218336354,0.10778497933273254
383,-200.0,0.0870970839834784,0.10837918762847637
384,-200.0,-0.8389074230640544,-0.1007701792032926
385,-200.0,-1.192266922003125,0.0476182067022042
386,-200.0,-1.0544563529330835,-0.009886768884166171
387,-200.0,-0.11598706287273021,-0.11598706287273021
388,-200.0,-0.5417103807459326,0.0006476513006682229
389,-200.0,-1.089351976919876,0.1557521933428084
390,-200.0,-0.9918617545474615,0.0016108217680819367
391,-200.0,-1.102648387654841,0.06703673185987387
392,-200.0,-0.6480335517892436,-0.23372688641158998
393,-200.0,-1.1643478989661367,0.019725593790957327
394,-200.0,-1.0257396354266821,0.018044010674324977
395,-200.0,-0.2047470441381868,-0.2047470441381868
396,-200.0,0.26598988269792717,0.2673323804395175
397,-200.0,-0.20338808920218288,-0.06970913405093268
398,-198.0,0.5140954800233728,0.5140954800233728
399,-200.0,-1.196270205713714,0.17166013833269034
400,-200.0,-0.12484351946217134,-0.12484351946217134
401,-200.0,-1.1912636585360943,0.235294207111896
402,-200.0,-0.997899605510902,0.06535305869906524
403,-200.0,-0.5478154830751324,-0.21576406123854017
404,-200.0,-1.083077836608501,0.1432093523715921
405,-200.0,-0.06946485351621057,-0.06946485351621057
406,-200.0,0.11246780620400129,0.41637012101727494
407,-200.0,-0.5130195248121746,0.007118922820755881
408,-200.0,-0.8168858973781203,-0.22563821672252263
409,-200.0,-0.5932988465928309,-0.19283455569269234
410,-200.0,-0.32104954405913,0.13500003160018406
411,-200.0,-0.44631357550026896,0.07404954678856492
412,-200.0,-0.07866352912057972,-0.07866352912057972
413,-200.0,0.04421014930412331,0.14512002415782757
414,-200.0,-1.155531135482949,0.046822691512407755
415,-200.0,-0.5938197966985449,-0.05427729733605351
416,-200.0,-1.0455816220058902,0.08971489363336295
417,-200.0,-1.1175449271406355,0.25692821194977106
418,-200.0,-0.8424312422479564,0.015628384602297554
419,-200.0,-0.14706237228474037,0.15073476445754727
420,-200.0,-1.1503777476843935,0.18607148252796185
421,-200.0,0.4860640190481987,0.4860640190481987
422,-200.0,-1.1453491870381838,0.09558157305475257
423,-200.0,-0.7599025654849109,0.0493727756415884
424,-200.0,-0.6155143188870494,0.11796318067963946
425,-200.0,-0.8238735892567599,0.11240831455576782
426,-200.0,-0.9766198923419497,0.10632686230229457
427,-200.0,-0.34959805778353853,0.12351844958922087
428,-200.0,0.24415449043878917,0.25424017042477737
429,-200.0,-0.7257369968376668,-0.11883565184113194
430,-200.0,-1.2,0.08078944152237852
431,-200.0,0.08155959944164402,0.08155959944164402
432,-200.0,-0.8004530975743485,-0.07522943106528025
433,-200.0,0.5162306475695249,0.5162306475695249
434,-200.0,-1.1999604444914975,-0.0007572177843245191
435,-200.0,0.4991908400557717,0.4991908400557717
436,-200.0,-1.101472443479283,0.2261841938043759
437,-200.0,-0.16058683492355932,-0.16058683492355932
438,-200.0,0.19034776346306734,0.19034776346306734
439,-200.0,-0.6495163668554845,0.0774028115567612
440,-200.0,-0.13530749944180967,0.1780805454821113
441,-200.0,-0.30326292903133506,-0.0911785036483268
442,-200.0,-0.2338212951324727,-0.21325494769115008
443,-200.0,-0.04460176054154129,-0.04460176054154129
444,-200.0,-0.1751669447638583,-0.05959747890217193
445,-200.0,-0.9671040936136218,0.20734780152528307
446,-200.0,-1.1885249399105031,-0.0068047924750538604
447,-200.0,-0.8220635594942117,0.07345657293086359
448,-200.0,-1.188521726934427,0.22887408986903907
449,-200.0,-1.0623957470534493,-0.047168322825184295
450,-200.0,-1.1161083492144825,0.04973477999552662
451,-200.0,-0.4290456264246482,0.3585131695293923
452,-200.0,-1.1378333060678618,0.22169374175521536
453,-200.0,-1.1157629554300896,0.011151799681062675
454,-200.0,-1.1912636585360943,0.10696115945804878
455,-200.0,-0.5298423356298858,0.0812934643177309
456,-200.0,-0.40935703949812174,0.04102508033002889
457,-200.0,-0.7258814046609321,-0.08389846473754557
458,-200.0,-1.0679267037612277,0.14920664359937388
459,-200.0,-0.5525390735730192,-0.13614767885100748
460,-200.0,-0.3719465592830019,-0.08623621834585495
461,-200.0,-1.0266406111563657,0.23136321271221252
462,-200.0,-0.6273773836960908,0.0070325486889713735
463,-200.0,-0.8276417662097575,0.00995434361240825
464,-200.0,-0.9605424342967781,0.08381785750069301
465,-200.0,-0.8853626066437662,-0.1571706612276914
466,-200.0,-1.1303931111490315,0.1349814396014924
467,-200.0,0.27690892147468094,0.27690892147468094
468,-200.0,-0.7676786844116084,0.323419079952434
469,-200.0,0.28233065027192483,0.2914611577123596
470,-200.0,0.17114805314272769,0.17114805314272769
471,-200.0,0.2506174637391131,0.36064853444580314
472,-200.0,-0.5090233359929804,0.3237605608689193
473,-200.0,-0.8914999205346089,0.01345430971602047
474,-199.0,0.524017398641191,0.524017398641191
475,-200.0,0.12800602943671108,0.22085238398524865
476,-200.0,-0.22276496736637877,0.16086626637179807
477,-200.0,-0.4410735741166735,-0.24177788471799544
478,-200.0,-1.1353906111874594,0.2823460083421651
479,-200.0,-0.8790738625534221,0.16958234860215873
480,-200.0,-0.08923130536694862,0.03695432781153319
481,-200.0,-0.38217059765701933,-0.01122447023078768
482,-174.0,0.5035772208573807,0.5035772208573807
483,-200.0,-0.9472546461424584,0.03388122739012263
484,-200.0,0.4035532665339169,0.4035532665339169
485,-200.0,-0.6821942622165391,0.1590052292451369
486,-200.0,-0.4226255698504907,-0.06827301344178222
487,-200.0,0.15285527937530582,0.19458577634957877
488,-191.0,0.5298821812537895,0.5298821812537895
489,-200.0,0.15742199722995315,0.29133707376956386
490,-200.0,-0.35287365831664164,0.016328893002396063
491,-200.0,-1.109777769020284,0.2771569606339131
492,-200.0,0.363303131642102,0.36993720935774144
493,-200.0,0.2858631982279076,0.2858631982279076
494,-200.0,0.2637663855260561,0.2637663855260561
495,-200.0,-1.1311391777127158,0.13403488495639604
496,-200.0,0.4173971672619745,0.4173971672619745
497,-200.0,-0.922646861857413,0.007067161565332778
498,-200.0,0.3492628152527665,0.3492628152527665
499,-200.0,0.35459365440711377,0.35459365440711377
500,-200.0,0.49528011050651966,0.49528011050651966
501,-200.0,-1.1967581039591646,0.16085473228182368
502,-200.0,-1.1814959639787936,-0.012596559503584234
503,-200.0,-0.9714809582657904,0.056050984004395246
504,-200.0,0.4139650229120995,0.4139650229120995
505,-200.0,-0.13370078479885844,-0.13370078479885844
506,-200.0,-1.0694101426274927,0.16468622285657303
507,-192.0,0.5135049123329413,0.5135049123329413
508,-200.0,-0.9250805905765213,-0.10240674878440553
509,-193.0,0.52216637782072,0.52216637782072
510,-200.0,-1.0673561533801335,-0.05052264394774857
511,-200.0,0.40345186013552004,0.40345186013552004
512,-200.0,-0.9902630202179419,-0.07669617769632425
513,-200.0,0.17141225094061988,0.20172027573662532
514,-170.0,0.5096966295134162,0.5096966295134162
515,-200.0,-0.9036738112134457,0.044544840734091255
516,-200.0,0.39357402657653945,0.39357402657653945
517,-200.0,-0.9785382774616666,-0.015951669546629813
518,-200.0,-1.0483398808599078,0.05370310134549448
519,-200.0,-0.16035787957367018,0.4123045650619782
520,-200.0,0.09079673161624227,0.09079673161624227
521,-200.0,0.15979023957253582,0.15979023957253582
522,-160.0,0.5213191202689172,0.5213191202689172
523,-200.0,-1.1186685336397493,0.29277859556497315
524,-170.0,0.5041695961018297,0.5041695961018297
525,-163.0,0.5161743882674374,0.5161743882674374
526,-193.0,0.521149249615362,0.521149249615362
527,-200.0,-0.23979778014742095,0.07704604723055818
528,-200.0,0.4297876039488523,0.4297876039488523
529,-200.0,-1.1291269809506175,0.027663147092391822
530,-200.0,-0.6623229929028667,-0.052783519940269946
531,-163.0,0.5126689835346,0.5126689835346
532,-200.0,-0.9342218916363892,0.175348925542162
533,-185.0,0.5005939683381138,0.5005939683381138
534,-200.0,-0.9422608482307206,0.13094984470971985
535,-200.0,0.35375274683853275,0.35375274683853275
536,-197.0,0.5067214871544097,0.5067214871544097
537,-200.0,-0.39306112779609625,-0.06101649466728017
538,-192.0,0.5235180116940119,0.5235180116940119
539,-200.0,-0.8848966246928089,0.21131092638700208
540,-188.0,0.528374061100065,0.528374061100065
541,-200.0,-1.1744691428266927,0.07822025677833258
542,-196.0,0.5104041844732378,0.5104041844732378
543,-200.0,-0.6977688100512154,0.004968405637035593
544,-200.0,0.4764314073141688,0.4764314073141688
545,-192.0,0.5057045560461955,0.5057045560461955
546,-200.0,-0.14563779171368704,0.030000579695976
547,-200.0,-0.9220733887472309,0.1426769762707754
548,-200.0,-0.9049375972108279,0.0890983538535103
549,-200.0,-1.131637846497697,0.3318574315771323
550,-200.0,-1.117888696035622,-0.02438587759328205
551,-200.0,-0.6568627300749589,0.26348273079390433
552,-198.0,0.5167851472058612,0.5167851472058612
553,-200.0,-1.1104961121420915,0.32207355734453963
554,-200.0,0.4313839775947743,0.4313839775947743
555,-200.0,-1.0581978283895472,0.17491955334907067
556,-200.0,-0.3547409983554145,-0.14642474321105767
557,-200.0,-0.569158189003528,0.1484202903575117
558,-200.0,-0.41273089244518607,-0.03529914113886919
559,-200.0,0.07865358035550943,0.07865358035550943
560,-200.0,-0.5290558160724331,0.16626409270085704
561,-200.0,-1.032903184097506,-0.002985646918428625
562,-187.0,0.5139696424812905,0.5139696424812905
563,-200.0,0.37620689818312747,0.37620689818312747
564,-178.0,0.5013924578856664,0.5013924578856664
565,-169.0,0.5071690497280361,0.5071690497280361
566,-200.0,-1.1734499450170384,0.2415990087792078
567,-200.0,-0.5201554095246606,0.43038521253265344
568,-200.0,0.15273506092875713,0.41826278719022747
569,-200.0,0.5177780453735435,0.5177780453735435
570,-196.0,0.5053636255135752,0.5053636255135752
571,-200.0,-0.8352425789937927,0.3522933374000312
572,-200.0,-1.0793285783459081,-0.10542361757646794
573,-200.0,-0.5928301440983355,0.021994773306828006
574,-200.0,-1.2,0.270382871890236
575,-200.0,-0.43752360127133866,0.19827747203983961
576,-200.0,-0.3958312503260205,0.1858373339890616
577,-200.0,-1.0102784573883956,0.12935580806466715
578,-200.0,0.35311629802433364,0.35311629802433364
579,-200.0,-0.0014137587048047538,0.16548581767350415
580,-200.0,-0.9109802094209404,0.24086216853214074
581,-166.0,0.5076757739127803,0.5076757739127803
582,-182.0,0.5230553814216178,0.5230553814216178
583,-200.0,-0.7857314575414018,0.3436938342604519
584,-196.0,0.5051475183339158,0.5051475183339158
585,-200.0,-0.2338396718242608,0.1315530461211089
586,-196.0,0.5171110180060956,0.5171110180060956
587,-158.0,0.5143450911331798,0.5143450911331798
588,-200.0,0.42506111908851063,0.42506111908851063
589,-177.0,0.5010261377351822,0.5010261377351822
590,-162.0,0.503931815444829,0.503931815444829
591,-194.0,0.5006536294032577,0.5006536294032577
592,-200.0,-0.8678920770087459,0.12039617547793563
593,-200.0,-0.21243337442217505,0.22721614844890517
594,-200.0,0.24760484850723635,0.24760484850723635
595,-200.0,-1.0112951733256088,0.20056019973552433
596,-148.0,0.5089422218310174,0.5089422218310174
597,-200.0,0.17369656773910344,0.3637886166925317
598,-148.0,0.5012904061763773,0.5012904061763773
599,-158.0,0.5002610394878422,0.5002610394878422
600,-177.0,0.5146234159507206,0.5146234159507206
601,-184.0,0.5101729319469982,0.5101729319469982
602,-155.0,0.5018725003196427,0.5018725003196427
603,-200.0,-0.6568856325856834,-0.034621204123180906
604,-200.0,-0.9411700499913983,0.27066327261791084
605,-156.0,0.5077012874064047,0.5077012874064047
606,-200.0,-0.6892641185977413,0.43367095563026536
607,-195.0,0.5311452775248484,0.5311452775248484
608,-192.0,0.5012839186741005,0.5012839186741005
609,-200.0,-0.9821742127771239,0.2142920039768347
610,-200.0,0.2828944040717814,0.2828944040717814
611,-200.0,-0.9054835444387683,0.07195298191935785
612,-200.0,-0.8112574575294292,-0.03465515877642731
613,-200.0,-0.337125089859985,0.01899307220172227
614,-160.0,0.5229030332720387,0.5229030332720387
615,-172.0,0.5037690111673266,0.5037690111673266
616,-179.0,0.52236756151363,0.52236756151363
617,-165.0,0.5154881287594808,0.5154881287594808
618,-200.0,0.15903596091319988,0.15903596091319988
619,-200.0,-0.6241234935579772,-0.2440770291851781
620,-162.0,0.5067786999976845,0.5067786999976845
621,-200.0,-0.5564428977691351,0.08484019411791999
622,-200.0,-0.10201317143102577,0.13040989468204606
623,-172.0,0.5176339836826849,0.5176339836826849
624,-196.0,0.5233944708847574,0.5233944708847574
625,-161.0,0.5149393461666445,0.5149393461666445
626,-173.0,0.5166047102723947,0.5166047102723947
627,-173.0,0.5053022316272182,0.5053022316272182
628,-200.0,-1.1570298304014623,0.21670438598182265
629,-171.0,0.5008887255953381,0.5008887255953381
630,-200.0,-0.5203406407607374,0.08564199414856251
631,-200.0,-1.1640513342223833,0.32371638977209594
632,-200.0,-0.2941127827124107,0.06704800521172523
633,-158.0,0.5280266069358595,0.5280266069358595
634,-154.0,0.5111853941441963,0.5111853941441963
635,-200.0,-0.7738856737083207,0.1546243566205703
636,-145.0,0.5270173282547996,0.5270173282547996
637,-200.0,-1.1023729277528613,0.23417760699593387
638,-199.0,0.5025170469860826,0.5025170469860826
639,-200.0,-0.8972230242363541,-0.016008817927421606
640,-186.0,0.507740530060864,0.507740530060864
641,-200.0,-0.05731725874457363,0.08949535641300281
642,-158.0,0.5235925121620811,0.5235925121620811
643,-200.0,-0.7159495044965926,-0.04564189976433401
644,-188.0,0.5000813373898079,0.5000813373898079
645,-161.0,0.5158235483361817,0.5158235483361817
646,-164.0,0.5013870626540662,0.5013870626540662
647,-160.0,0.5060019645145365,0.5060019645145365
648,-170.0,0.5059983910432534,0.5059983910432534
649,-200.0,-0.035672104428076404,0.1914493068322379
650,-200.0,-0.4576571806459486,0.18130348793845869
651,-197.0,0.5095624212891796,0.5095624212891796
652,-158.0,0.5134852271399853,0.5134852271399853
653,-200.0,-0.5346663698606162,-0.004808941819879632
654,-200.0,0.11888001709082496,0.11888001709082496
655,-200.0,0.3487532515181334,0.3487532515181334
656,-148.0,0.5131370253349353,0.5131370253349353
657,-200.0,0.30759400792010944,0.30759400792010944
658,-200.0,-1.1530185840986826,0.26788627260315817
659,-200.0,0.2052535306379733,0.2880641582029383
660,-200.0,-0.7365255585282682,0.24045731526629388
661,-200.0,0.4960109833679168,0.4960109833679168
662,-200.0,0.392598412278523,0.392598412278523
663,-200.0,-0.36756389722601973,0.10744744482716223
664,-200.0,0.4250141219290365,0.44498194230575183
665,-200.0,-1.0077358059814316,0.0724169368517614
666,-160.0,0.5005456450673502,0.5005456450673502
667,-164.0,0.5061827825209676,0.5061827825209676
668,-200.0,-1.192266922003125,0.3068452122981626
669,-182.0,0.5057933452717209,0.5057933452717209
670,-200.0,-1.1744691428266927,0.3089108933808994
671,-200.0,-0.09712569695560522,0.17460336821078593
672,-200.0,0.45546944290859415,0.45546944290859415
673,-200.0,-0.6692459060962206,0.0693299051291077
674,-200.0,-0.6410023062949374,0.06718606198086816
675,-200.0,-0.20703475758077808,0.22968442003228162
676,-163.0,0.5074895488751326,0.5074895488751326
677,-182.0,0.5155922633708437,0.5155922633708437
678,-200.0,-0.8718503519611172,-0.1415695003102086
679,-162.0,0.5098410759720514,0.5098410759720514
680,-200.0,-0.5609507894017871,-0.01984065886736901
681,-200.0,0.465154702154042,0.465154702154042
682,-124.0,0.51683677980279,0.51683677980279
683,-197.0,0.5009054666951588,0.5009054666951588
684,-200.0,-0.5211955323974122,0.41446739325094184
685,-164.0,0.5008054916232905,0.5008054916232905
686,-200.0,-0.4016987954086615,0.15797612079576634
687,-152.0,0.5120229530809671,0.5120229530809671
688,-167.0,0.5087003368307482,0.5087003368307482
689,-158.0,0.5048979853885013,0.5048979853885013
690,-159.0,0.5069815745812116,0.5069815745812116
691,-191.0,0.5077586373008884,0.5077586373008884
692,-200.0,0.3560607326041847,0.3709922866451979
693,-165.0,0.5090360095188939,0.5090360095188939
694,-200.0,-1.2,0.3097756127232267
695,-200.0,-1.2,0.34319414116683344
696,-169.0,0.5101862164875395,0.5101862164875395
697,-200.0,-0.8847892961518561,0.0914553434113382
698,-200.0,-0.2175029602946602,0.2419261683321013
699,-200.0,0.45818808931740895,0.45818808931740895
700,-200.0,0.37549872374589677,0.37549872374589677
701,-176.0,0.5110138033921442,0.5110138033921442
702,-118.0,0.5110303968320434,0.5110303968320434
703,-155.0,0.5260769368264552,0.5260769368264552
704,-121.0,0.5035595972714565,0.5035595972714565
705,-185.0,0.5120475688753814,0.5120475688753814
706,-185.0,0.5297227362337271,0.5297227362337271
707,-150.0,0.5044032121881354,0.5044032121881354
708,-191.0,0.5112109445986787,0.5112109445986787
709,-158.0,0.5066896930813329,0.5066896930813329
710,-192.0,0.5123304000303206,0.5123304000303206
711,-156.0,0.5063865881776505,0.5063865881776505
712,-200.0,-0.6641848962752944,-0.054580139825435935
713,-123.0,0.5041273192580616,0.5041273192580616
714,-192.0,0.5056071834060875,0.5056071834060875
715,-165.0,0.5000810384223077,0.5000810384223077
716,-158.0,0.5064131535989922,0.5064131535989922
717,-200.0,-1.1477378181391178,0.316751203399561
718,-197.0,0.5166211690082959,0.5166211690082959
719,-200.0,0.40886582893640316,0.40886582893640316
720,-200.0,-1.125275038716002,0.12722744259810645
721,-170.0,0.5049047977836741,0.5049047977836741
722,-158.0,0.5196603720380312,0.5196603720380312
723,-194.0,0.520688505233743,0.520688505233743
724,-162.0,0.5147531112727943,0.5147531112727943
725,-144.0,0.5095083625549682,0.5095083625549682
726,-157.0,0.5145830656757591,0.5145830656757591
727,-185.0,0.5038467207544621,0.5038467207544621
728,-158.0,0.510186295325408,0.510186295325408
729,-199.0,0.5110791373753119,0.5110791373753119
730,-200.0,0.02656044805973675,0.02656044805973675
731,-200.0,0.36252604683723466,0.36252604683723466
732,-193.0,0.5012030325892151,0.5012030325892151
733,-119.0,0.504404434425123,0.504404434425123
734,-184.0,0.5215994650973756,0.5215994650973756
735,-179.0,0.5300968145342112,0.5300968145342112
736,-200.0,0.49599260102915793,0.49599260102915793
737,-197.0,0.5027418649555546,0.5027418649555546
738,-161.0,0.5133786869442097,0.5133786869442097
739,-180.0,0.5066333553714698,0.5066333553714698
740,-186.0,0.526863785022992,0.526863785022992
741,-160.0,0.5188500646110148,0.5188500646110148
742,-200.0,-1.0063942872518814,0.06033318690847986
743,-200.0,-0.3951015905439498,-0.07859022896921299
744,-161.0,0.5025341651707547,0.5025341651707547
745,-158.0,0.5179018174981733,0.5179018174981733
746,-200.0,-1.1912636585360943,0.3389524103956398
747,-200.0,-1.2,0.3085658606099306
748,-163.0,0.5040857812901722,0.5040857812901722
749,-155.0,0.5124503762050049,0.5124503762050049
750,-124.0,0.5032381867736303,0.5032381867736303
751,-190.0,0.502354266076887,0.502354266076887
752,-117.0,0.5025699846216369,0.5025699846216369
753,-200.0,0.43486977733851717,0.43486977733851717
754,-184.0,0.5295489799378481,0.5295489799378481
755,-169.0,0.5231392723650246,0.5231392723650246
756,-163.0,0.5035410626777332,0.5035410626777332
757,-200.0,0.18562105212469476,0.34526405771929775
758,-148.0,0.5204315745681956,0.5204315745681956
759,-141.0,0.5184962746606068,0.5184962746606068
760,-155.0,0.5034593519791133,0.5034593519791133
761,-180.0,0.5152411565741738,0.5152411565741738
762,-200.0,-1.051423638568895,0.2523301561425507
763,-200.0,-0.8185180988625195,0.31736864075023913
764,-164.0,0.5005866933848496,0.5005866933848496
765,-153.0,0.5146957700506489,0.5146957700506489
766,-175.0,0.502371994634235,0.502371994634235
767,-150.0,0.5145048723431365,0.5145048723431365
768,-155.0,0.5208572552961869,0.5208572552961869
769,-183.0,0.5109645005119817,0.5109645005119817
770,-158.0,0.5006679844886951,0.5006679844886951
771,-150.0,0.5180986678694851,0.5180986678694851
772,-159.0,0.5128392007705799,0.5128392007705799
773,-200.0,-0.8388879392754641,0.3440756063984058
774,-151.0,0.5120354812428007,0.5120354812428007
775,-197.0,0.5191150363990128,0.5191150363990128
776,-145.0,0.5193853331534571,0.5193853331534571
777,-153.0,0.5257215108288325,0.5257215108288325
778,-200.0,0.2256556412010366,0.2256556412010366
779,-189.0,0.5291136999751066,0.5291136999751066
780,-188.0,0.5218897237853425,0.5218897237853425
781,-151.0,0.5208375497751876,0.5208375497751876
782,-200.0,-0.6895692601571624,0.10839085758171534
783,-187.0,0.5233212608892559,0.5233212608892559
784,-188.0,0.5054768238026882,0.5054768238026882
785,-158.0,0.5147664592592527,0.5147664592592527
786,-200.0,-0.37880697645579725,0.2667655095137215
787,-129.0,0.5001011130663036,0.5001011130663036
788,-166.0,0.5064624324512329,0.5064624324512329
789,-180.0,0.5109987386488583,0.5109987386488583
790,-155.0,0.5309325596702341,0.5309325596702341
791,-155.0,0.5106833120704706,0.5106833120704706
792,-200.0,0.37475773830134257,0.37475773830134257
793,-177.0,0.5007537388278516,0.5007537388278516
794,-148.0,0.5245524287122578,0.5245524287122578
795,-200.0,0.3402185258754028,0.3402185258754028
796,-152.0,0.5281641134853547,0.5281641134853547
797,-183.0,0.5246298070932922,0.5246298070932922
798,-152.0,0.5153690275305635,0.5153690275305635
799,-145.0,0.5253779208506693,0.5253779208506693
800,-134.0,0.5000202127111091,0.5000202127111091
801,-153.0,0.5102458666286984,0.5102458666286984
802,-122.0,0.5072537129131363,0.5072537129131363
803,-156.0,0.5199365749439726,0.5199365749439726
804,-149.0,0.5161704782775434,0.5161704782775434
805,-150.0,0.5215909078001806,0.5215909078001806
806,-200.0,0.46725460706047484,0.46725460706047484
807,-160.0,0.5143805105373521,0.5143805105373521
808,-144.0,0.515192646621624,0.515192646621624
809,-155.0,0.5048233721341759,0.5048233721341759
810,-186.0,0.5181294170910232,0.5181294170910232
811,-167.0,0.5141768555079593,0.5141768555079593
812,-200.0,0.11287695512227389,0.25488064272752997
813,-158.0,0.5167705182234594,0.5167705182234594
814,-178.0,0.5019741869274998,0.5019741869274998
815,-200.0,-1.0511236192796127,0.37916521692085864
816,-200.0,0.2690671245989234,0.2690671245989234
817,-160.0,0.5230369757074891,0.5230369757074891
818,-147.0,0.5115162228368265,0.5115162228368265
819,-147.0,0.520512576609202,0.520512576609202
820,-148.0,0.506781523249278,0.506781523249278
821,-141.0,0.5194828528102724,0.5194828528102724
822,-147.0,0.5047280446246413,0.5047280446246413
823,-145.0,0.5121466461730736,0.5121466461730736
824,-144.0,0.5244315926796957,0.5244315926796957
825,-179.0,0.5277517146959058,0.5277517146959058
826,-139.0,0.5083487162249952,0.5083487162249952
827,-113.0,0.5136202210727921,0.5136202210727921
828,-185.0,0.5152312156410472,0.5152312156410472
829,-146.0,0.532025086828638,0.532025086828638
830,-171.0,0.5186978119332187,0.5186978119332187
831,-117.0,0.5109448583468003,0.5109448583468003
832,-185.0,0.5055458928712594,0.5055458928712594
833,-182.0,0.5095460379691927,0.5095460379691927
834,-120.0,0.5131543467853369,0.5131543467853369
835,-129.0,0.5038391030589314,0.5038391030589314
836,-167.0,0.5103972837096743,0.5103972837096743
837,-191.0,0.507328436847985,0.507328436847985
838,-192.0,0.5275660308618493,0.5275660308618493
839,-198.0,0.5160140755710615,0.5160140755710615
840,-122.0,0.5055941057401779,0.5055941057401779
841,-154.0,0.5212327582844548,0.5212327582844548
842,-150.0,0.5070993032738267,0.5070993032738267
843,-123.0,0.5169169117617194,0.5169169117617194
844,-123.0,0.5096462422825184,0.5096462422825184
845,-155.0,0.515190647933766,0.515190647933766
846,-117.0,0.5171842064784318,0.5171842064784318
847,-155.0,0.5207723066943716,0.5207723066943716
848,-155.0,0.5101951874556071,0.5101951874556071
849,-132.0,0.5027003172048145,0.5027003172048145
850,-145.0,0.5093654315663817,0.5093654315663817
851,-115.0,0.5134588933366593,0.5134588933366593
852,-120.0,0.5066153198950258,0.5066153198950258
853,-109.0,0.5058025907428705,0.5058025907428705
854,-114.0,0.5109610731639757,0.5109610731639757
855,-199.0,0.5144966095192481,0.5144966095192481
856,-116.0,0.5023738837895211,0.5023738837895211
857,-157.0,0.5332223338481679,0.5332223338481679
858,-151.0,0.5302840396546336,0.5302840396546336
859,-119.0,0.512818130608806,0.512818130608806
860,-150.0,0.5107235290218679,0.5107235290218679
861,-153.0,0.5169155880378031,0.5169155880378031
862,-174.0,0.5289143517517954,0.5289143517517954
863,-189.0,0.5324896736854294,0.5324896736854294
864,-200.0,0.5077957525247644,0.5077957525247644
865,-142.0,0.501696829184366,0.501696829184366
866,-200.0,-0.2946242803721409,0.2977671915760028
867,-143.0,0.5079479296560754,0.5079479296560754
868,-197.0,0.5164366019877271,0.5164366019877271
869,-153.0,0.5352519302507603,0.5352519302507603
870,-154.0,0.517159352450355,0.517159352450355
871,-144.0,0.5089708744693096,0.5089708744693096
872,-150.0,0.5068183111939364,0.5068183111939364
873,-148.0,0.5166009734261755,0.5166009734261755
874,-159.0,0.5016882826139548,0.5016882826139548
875,-142.0,0.5110847762113082,0.5110847762113082
876,-188.0,0.5229737685173173,0.5229737685173173
877,-188.0,0.5266047338043531,0.5266047338043531
878,-146.0,0.5039325439173538,0.5039325439173538
879,-183.0,0.5106840481323234,0.5106840481323234
880,-171.0,0.5070108537178938,0.5070108537178938
881,-149.0,0.5086717902918527,0.5086717902918527
882,-200.0,-0.6465774181862969,0.19410843970456904
883,-158.0,0.518992364326641,0.518992364326641
884,-179.0,0.5119678966615636,0.5119678966615636
885,-200.0,-0.38065577306850606,0.15856249251274443
886,-200.0,-0.8030077090256138,0.3451461024729495
887,-152.0,0.5026924816580265,0.5026924816580265
888,-149.0,0.5381566639728766,0.5381566639728766
889,-200.0,0.45392827373317224,0.45392827373317224
890,-176.0,0.5042551825858738,0.5042551825858738
891,-135.0,0.5073360618119314,0.5073360618119314
892,-176.0,0.5093911113577615,0.5093911113577615
893,-175.0,0.5310609571234535,0.5310609571234535
894,-161.0,0.5293691118277688,0.5293691118277688
895,-142.0,0.5265607493032224,0.5265607493032224
896,-153.0,0.509314620524294,0.509314620524294
897,-149.0,0.5225978798061518,0.5225978798061518
898,-154.0,0.5389529404116071,0.5389529404116071
899,-196.0,0.5148310248848722,0.5148310248848722
900,-115.0,0.5093558355860797,0.5093558355860797
901,-167.0,0.5039509792626111,0.5039509792626111
902,-122.0,0.5179978285550204,0.5179978285550204
903,-114.0,0.512457106731305,0.512457106731305
904,-172.0,0.5167502250794263,0.5167502250794263
905,-114.0,0.5161941342317273,0.5161941342317273
906,-127.0,0.5063711547673622,0.5063711547673622
907,-109.0,0.516021884091762,0.516021884091762
908,-85.0,0.5193100851657423,0.5193100851657423
909,-109.0,0.5275148945312076,0.5275148945312076
910,-184.0,0.5307489107227231,0.5307489107227231
911,-152.0,0.5137357609288099,0.5137357609288099
912,-114.0,0.5059505713581258,0.5059505713581258
913,-158.0,0.5375001518733379,0.5375001518733379
914,-112.0,0.509789480981264,0.509789480981264
915,-148.0,0.5224764830149132,0.5224764830149132
916,-142.0,0.5047114959658796,0.5047114959658796
917,-165.0,0.5175512796728681,0.5175512796728681
918,-110.0,0.504894316146376,0.504894316146376
919,-94.0,0.5140553860327797,0.5140553860327797
920,-146.0,0.5080763119605288,0.5080763119605288
921,-160.0,0.5303375428488937,0.5303375428488937
922,-165.0,0.5149199583652336,0.5149199583652336
923,-180.0,0.5152963908615242,0.5152963908615242
924,-146.0,0.5026621940060413,0.5026621940060413
925,-142.0,0.5087648749751413,0.5087648749751413
926,-200.0,-0.1255508362556779,-0.1255508362556779
927,-121.0,0.5076472981779748,0.5076472981779748
928,-147.0,0.509102810431418,0.509102810431418
929,-160.0,0.520162253315158,0.520162253315158
930,-163.0,0.5206186555984688,0.5206186555984688
931,-147.0,0.5068682973887174,0.5068682973887174
932,-157.0,0.5211541538168053,0.5211541538168053
933,-156.0,0.5225127602199706,0.5225127602199706
934,-147.0,0.5031038620786601,0.5031038620786601
935,-117.0,0.5060084390629581,0.5060084390629581
936,-124.0,0.5027517616508005,0.5027517616508005
937,-113.0,0.5186714838963389,0.5186714838963389
938,-115.0,0.500110169806953,0.500110169806953
939,-177.0,0.5280461956885399,0.5280461956885399
940,-118.0,0.5026189667668,0.5026189667668
941,-117.0,0.5024673312037822,0.5024673312037822
942,-158.0,0.5264152479834304,0.5264152479834304
943,-158.0,0.523560863082484,0.523560863082484
944,-106.0,0.5040103862000281,0.5040103862000281
945,-156.0,0.5270884893789034,0.5270884893789034
946,-148.0,0.5185652727786773,0.5185652727786773
947,-149.0,0.5154556992102977,0.5154556992102977
948,-147.0,0.5054982882201007,0.5054982882201007
949,-109.0,0.5148336330316257,0.5148336330316257
950,-113.0,0.510226163192744,0.510226163192744
951,-153.0,0.5248190840517771,0.5248190840517771
952,-111.0,0.5241805557319995,0.5241805557319995
953,-140.0,0.517013033155361,0.517013033155361
954,-135.0,0.5196547129869202,0.5196547129869202
955,-159.0,0.5031029723417932,0.5031029723417932
956,-109.0,0.5138073878065115,0.5138073878065115
957,-113.0,0.5149618943534844,0.5149618943534844
958,-133.0,0.5156645734441168,0.5156645734441168
959,-99.0,0.5005917539863525,0.5005917539863525
960,-118.0,0.5020687467638123,0.5020687467638123
961,-136.0,0.5007823310496939,0.5007823310496939
962,-137.0,0.5148748193872469,0.5148748193872469
963,-137.0,0.5028110429440246,0.5028110429440246
964,-149.0,0.5347029450561169,0.5347029450561169
965,-137.0,0.5222590501016939,0.5222590501016939
966,-109.0,0.5118114870236642,0.5118114870236642
967,-132.0,0.5021190748705503,0.5021190748705503
968,-111.0,0.5059567899148277,0.5059567899148277
969,-144.0,0.5034523231594115,0.5034523231594115
970,-118.0,0.505889595058665,0.505889595058665
971,-114.0,0.5029169063321776,0.5029169063321776
972,-147.0,0.5252085384926813,0.5252085384926813
973,-138.0,0.5224480652280827,0.5224480652280827
974,-155.0,0.5240281045147747,0.5240281045147747
975,-134.0,0.5020075285700598,0.5020075285700598
976,-142.0,0.5003330712913024,0.5003330712913024
977,-137.0,0.5114185371591133,0.5114185371591133
978,-137.0,0.5064889094649859,0.5064889094649859
979,-136.0,0.5198635300282026,0.5198635300282026
980,-165.0,0.5315080302954086,0.5315080302954086
981,-142.0,0.5337139817918722,0.5337139817918722
982,-143.0,0.5010362426016102,0.5010362426016102
983,-142.0,0.5265131269864981,0.5265131269864981
984,-111.0,0.5192579337408688,0.5192579337408688
985,-145.0,0.5316165459363614,0.5316165459363614
986,-94.0,0.5041463389150157,0.5041463389150157
987,-108.0,0.5159744023808839,0.5159744023808839
988,-147.0,0.5137902514626698,0.5137902514626698
989,-106.0,0.5207145647144575,0.5207145647144575
990,-148.0,0.5230633797580286,0.5230633797580286
991,-146.0,0.5162474786584808,0.5162474786584808
992,-151.0,0.5136908928288952,0.5136908928288952
993,-107.0,0.5316046254070153,0.5316046254070153
994,-107.0,0.5089271121822359,0.5089271121822359
995,-107.0,0.5139550147896634,0.5139550147896634
996,-160.0,0.5334701897712781,0.5334701897712781
997,-147.0,0.5315049703163603,0.5315049703163603
998,-117.0,0.5043083784580447,0.5043083784580447
999,-145.0,0.5290642267755203,0.5290642267755203
1000,-112.0,0.5188451511852261,0.5188451511852261
1001,-145.0,0.5196930387298067,0.5196930387298067
1002,-109.0,0.5071631176710837,0.5071631176710837
1003,-106.0,0.517411672256689,0.517411672256689
1004,-142.0,0.5231325886937447,0.5231325886937447
1005,-142.0,0.5152347441177798,0.5152347441177798
1006,-111.0,0.5027524197314797,0.5027524197314797
1007,-171.0,0.5154482871748974,0.5154482871748974
1008,-151.0,0.509336407013707,0.509336407013707
1009,-151.0,0.5261603466887979,0.5261603466887979
1010,-129.0,0.5099645082555619,0.5099645082555619
1011,-156.0,0.5400320506237566,0.5400320506237566
1012,-115.0,0.5122150977663138,0.5122150977663138
1013,-90.0,0.5016800369221655,0.5016800369221655
1014,-96.0,0.503079776366384,0.503079776366384
1015,-90.0,0.502131704307671,0.502131704307671
1016,-93.0,0.5128541087863909,0.5128541087863909
1017,-106.0,0.5166277069471679,0.5166277069471679
1018,-148.0,0.5205895606817449,0.5205895606817449
1019,-90.0,0.5119521761732209,0.5119521761732209
1020,-109.0,0.5187785843628763,0.5187785843628763
1021,-149.0,0.5144761510165421,0.5144761510165421
1022,-110.0,0.5047180793763514,0.5047180793763514
1023,-87.0,0.5108478433652486,0.5108478433652486
1024,-143.0,0.501813047043772,0.501813047043772
1025,-143.0,0.5198122372532308,0.5198122372532308
1026,-106.0,0.5007013751990674,0.5007013751990674
1027,-107.0,0.5194710988301819,0.5194710988301819
1028,-108.0,0.5145585464206004,0.5145585464206004
1029,-107.0,0.5159300548778512,0.5159300548778512
1030,-140.0,0.5311851482851236,0.5311851482851236
1031,-109.0,0.5087021870364027,0.5087021870364027
1032,-97.0,0.5037912102359043,0.5037912102359043
1033,-139.0,0.5191465504990095,0.5191465504990095
1034,-140.0,0.5384772243617076,0.5384772243617076
1035,-143.0,0.5005101906326325,0.5005101906326325
1036,-138.0,0.5005101906326325,0.5005101906326325
1037,-109.0,0.51999029362845,0.51999029362845
1038,-151.0,0.5321092865172883,0.5321092865172883
1039,-134.0,0.5013610855034561,0.5013610855034561
1040,-137.0,0.5122544685772568,0.5122544685772568
1041,-111.0,0.5032528406985153,0.5032528406985153
1042,-110.0,0.5145975472942956,0.5145975472942956
1043,-155.0,0.5075120059230976,0.5075120059230976
1044,-127.0,0.5049626517581205,0.5049626517581205
1045,-108.0,0.5058877008963961,0.5058877008963961
1046,-110.0,0.5092980568867521,0.5092980568867521
1047,-107.0,0.5047082766675061,0.5047082766675061
1048,-161.0,0.5309278479127404,0.5309278479127404
1049,-108.0,0.5201324733212911,0.5201324733212911
1050,-148.0,0.5075120059230976,0.5075120059230976
1051,-105.0,0.5064303304682611,0.5064303304682611
1052,-106.0,0.5082877189001298,0.5082877189001298
1053,-107.0,0.5206218449227344,0.5206218449227344
1054,-154.0,0.5323768387541424,0.5323768387541424
1055,-153.0,0.5309278479127404,0.5309278479127404
1056,-137.0,0.5044829545624704,0.5044829545624704
1057,-109.0,0.5112776861747161,0.5112776861747161
1058,-147.0,0.5075120059230976,0.5075120059230976
1059,-142.0,0.5142713450433023,0.5142713450433023
1060,-135.0,0.5205095770331905,0.5205095770331905
1061,-138.0,0.5267486208648002,0.5267486208648002
1062,-86.0,0.5058068719082649,0.5058068719082649
1063,-142.0,0.5087091527779405,0.5087091527779405
1064,-136.0,0.5122645184202403,0.5122645184202403
1065,-135.0,0.513286230775741,0.513286230775741
1066,-136.0,0.5061860053751752,0.5061860053751752
1067,-89.0,0.509056979479437,0.509056979479437
1068,-137.0,0.5360975023174437,0.5360975023174437
1069,-85.0,0.5135641145563783,0.5135641145563783
1070,-172.0,0.5088600972191476,0.5088600972191476
1071,-146.0,0.5088600972191476,0.5088600972191476
1072,-109.0,0.5052391954794773,0.5052391954794773
1073,-170.0,0.524581623365758,0.524581623365758
1074,-144.0,0.524581623365758,0.524581623365758
1075,-141.0,0.524581623365758,0.524581623365758
1076,-91.0,0.5093232555900697,0.5093232555900697
1077,-138.0,0.5142713450433023,0.5142713450433023
1078,-110.0,0.5129071398007734,0.5129071398007734
1079,-127.0,0.5116944196058643,0.5116944196058643
1080,-137.0,0.5308208934604665,0.5308208934604665
1081,-133.0,0.5308208934604665,0.5308208934604665
1082,-137.0,0.537321595434474,0.537321595434474
1083,-132.0,0.514628991038424,0.514628991038424
1084,-132.0,0.5205095770331905,0.5205095770331905
1085,-110.0,0.5242457872416774,0.5242457872416774
1086,-91.0,0.5100455771562544,0.5100455771562544
1087,-151.0,0.5267486208648002,0.5267486208648002
1088,-106.0,0.5239022908068935,0.5239022908068935
1089,-105.0,0.5067876580999144,0.5067876580999144
1090,-111.0,0.5088188731950646,0.5088188731950646
1091,-109.0,0.5079115098960273,0.5079115098960273
1092,-108.0,0.5240798022563145,0.5240798022563145
1093,-87.0,0.5151897942279791,0.5151897942279791
1094,-198.0,0.5225170014387788,0.5225170014387788
1095,-106.0,0.5315986892822293,0.5315986892822293
1096,-106.0,0.5269808730385788,0.5269808730385788
1097,-160.0,0.5166363963859968,0.5166363963859968
1098,-105.0,0.506453269964685,0.506453269964685
1099,-143.0,0.509094870492499,0.509094870492499
1100,-107.0,0.5199117698915258,0.5199117698915258
1101,-107.0,0.5071231058409635,0.5071231058409635
1102,-141.0,0.5092150505254212,0.5092150505254212
1103,-140.0,0.5143268517071816,0.5143268517071816
1104,-141.0,0.5150299511198434,0.5150299511198434
1105,-147.0,0.5267486208648002,0.5267486208648002
1106,-108.0,0.505771119057939,0.505771119057939
1107,-134.0,0.5267486208648002,0.5267486208648002
1108,-110.0,0.5136601582197462,0.5136601582197462
1109,-131.0,0.5032648255221054,0.5032648255221054
1110,-110.0,0.5073343430620869,0.5073343430620869
1111,-107.0,0.5047877960386284,0.5047877960386284
1112,-110.0,0.5129481228056199,0.5129481228056199
1113,-108.0,0.517788796321397,0.517788796321397
1114,-106.0,0.5230838128335495,0.5230838128335495
1115,-143.0,0.5100668767699821,0.5100668767699821
1116,-137.0,0.5267486208648002,0.5267486208648002
1117,-115.0,0.5111236727732945,0.5111236727732945
1118,-144.0,0.5267486208648002,0.5267486208648002
1119,-137.0,0.5049497945239951,0.5049497945239951
1120,-107.0,0.5036277213345274,0.5036277213345274
1121,-114.0,0.512127947275879,0.512127947275879
1122,-106.0,0.5187485772702256,0.5187485772702256
1123,-139.0,0.5092150505254212,0.5092150505254212
1124,-148.0,0.5101369543164881,0.5101369543164881
1125,-140.0,0.5358577983788596,0.5358577983788596
1126,-107.0,0.5064882095833443,0.5064882095833443
1127,-135.0,0.5358577983788596,0.5358577983788596
1128,-148.0,0.5193185364635474,0.5193185364635474
1129,-107.0,0.5087617690374967,0.5087617690374967
1130,-108.0,0.510842457237243,0.510842457237243
1131,-109.0,0.5213645020011284,0.5213645020011284
1132,-109.0,0.5200426361176539,0.5200426361176539
1133,-108.0,0.5028292246685298,0.5028292246685298
1134,-109.0,0.5149733762007492,0.5149733762007492
1135,-108.0,0.5105644902018105,0.5105644902018105
1136,-143.0,0.5254846180210619,0.5254846180210619
1137,-108.0,0.500136116521374,0.500136116521374
1138,-113.0,0.5045938115543865,0.5045938115543865
1139,-116.0,0.5002936819371383,0.5002936819371383
1140,-140.0,0.522662240356568,0.522662240356568
1141,-139.0,0.5193185364635474,0.5193185364635474
1142,-138.0,0.5093907182102491,0.5093907182102491
1143,-141.0,0.5099829283011108,0.5099829283011108
1144,-137.0,0.5035650227093627,0.5035650227093627
1145,-137.0,0.5134288020479103,0.5134288020479103
1146,-137.0,0.5005706373193891,0.5005706373193891
1147,-113.0,0.5137662484761796,0.5137662484761796
1148,-111.0,0.5046138739424896,0.5046138739424896
1149,-137.0,0.5078565315827498,0.5078565315827498
1150,-137.0,0.5088426653618712,0.5088426653618712
1151,-137.0,0.5169524427433836,0.5169524427433836
1152,-140.0,0.5066453638774981,0.5066453638774981
1153,-144.0,0.5057514893433827,0.5057514893433827
1154,-115.0,0.5046590921624898,0.5046590921624898
1155,-146.0,0.5126827424497594,0.5126827424497594
1156,-146.0,0.5008800124400236,0.5008800124400236
1157,-151.0,0.5068222870226484,0.5068222870226484
1158,-153.0,0.519048952275207,0.519048952275207
1159,-151.0,0.5060207198749472,0.5060207198749472
1160,-145.0,0.5416700342215449,0.5416700342215449
1161,-150.0,0.5018549307377722,0.5018549307377722
1162,-110.0,0.5217111408825178,0.5217111408825178
1163,-110.0,0.5032186893466986,0.5032186893466986
1164,-96.0,0.5074597760845595,0.5074597760845595
1165,-147.0,0.532539984250491,0.532539984250491
1166,-143.0,0.5042125302389593,0.5042125302389593
1167,-110.0,0.5075114691503019,0.5075114691503019
1168,-108.0,0.5053321531731514,0.5053321531731514
1169,-146.0,0.5396270135213,0.5396270135213
1170,-108.0,0.5141570766797177,0.5141570766797177
1171,-107.0,0.5116798182070713,0.5116798182070713
1172,-140.0,0.5071138411022907,0.5071138411022907
1173,-110.0,0.5122128456607099,0.5122128456607099
1174,-163.0,0.509882974881021,0.509882974881021
1175,-109.0,0.5063728356825662,0.5063728356825662
1176,-113.0,0.5087207648792629,0.5087207648792629
1177,-137.0,0.524872068267218,0.524872068267218
1178,-142.0,0.5194761287844306,0.5194761287844306
1179,-114.0,0.5101134307627975,0.5101134307627975
1180,-125.0,0.5098329315706261,0.5098329315706261
1181,-114.0,0.5049910004340232,0.5049910004340232
1182,-137.0,0.5335604223969989,0.5335604223969989
1183,-138.0,0.510909915383373,0.510909915383373
1184,-109.0,0.5162465756572264,0.5162465756572264
1185,-137.0,0.5256453305364543,0.5256453305364543
1186,-110.0,0.5114137772999824,0.5114137772999824
1187,-139.0,0.53425583974509,0.53425583974509
1188,-147.0,0.5214883509286126,0.5214883509286126
1189,-111.0,0.5065451578717626,0.5065451578717626
1190,-133.0,0.5100740512748557,0.5100740512748557
1191,-138.0,0.5148264933681779,0.5148264933681779
1192,-135.0,0.5172324322451239,0.5172324322451239
1193,-116.0,0.5030445326276797,0.5030445326276797
1194,-135.0,0.5048563242194902,0.5048563242194902
1195,-135.0,0.5153553475272971,0.5153553475272971
1196,-108.0,0.5224817568917741,0.5224817568917741
1197,-107.0,0.5037731654437253,0.5037731654437253
1198,-140.0,0.5372067381628799,0.5372067381628799
1199,-136.0,0.5183172472288036,0.5183172472288036
1200,-137.0,0.5333029125858108,0.5333029125858108
1201,-134.0,0.5050775144584801,0.5050775144584801
1202,-108.0,0.509453134709944,0.509453134709944
1203,-108.0,0.5138420105016169,0.5138420105016169
1204,-108.0,0.5118145459747016,0.5118145459747016
1205,-109.0,0.5017899503631758,0.5017899503631758
1206,-144.0,0.5331275627006105,0.5331275627006105
1207,-108.0,0.5106118341104344,0.5106118341104344
1208,-107.0,0.5115062675185615,0.5115062675185615
1209,-145.0,0.5259621331061618,0.5259621331061618
1210,-107.0,0.5177441342661586,0.5177441342661586
1211,-109.0,0.5171777814076047,0.5171777814076047
1212,-108.0,0.503359398316945,0.503359398316945
1213,-114.0,0.5006457403679531,0.5006457403679531
1214,-109.0,0.5156363491119825,0.5156363491119825
1215,-177.0,0.5128985566507273,0.5128985566507273
1216,-107.0,0.502843508740069,0.502843508740069
1217,-134.0,0.5281143556061405,0.5281143556061405
1218,-134.0,0.5217987422715232,0.5217987422715232
1219,-153.0,0.5128985566507273,0.5128985566507273
1220,-108.0,0.5124909314744234,0.5124909314744234
1221,-132.0,0.5055842666947596,0.5055842666947596
1222,-137.0,0.5349764072555622,0.5349764072555622
1223,-108.0,0.5174794848775981,0.5174794848775981
1224,-133.0,0.5169710176795916,0.5169710176795916
1225,-133.0,0.5189768253152407,0.5189768253152407
1226,-137.0,0.5235616422437172,0.5235616422437172
1227,-108.0,0.5135361701651211,0.5135361701651211
1228,-108.0,0.5069870508189213,0.5069870508189213
1229,-109.0,0.5077454936298877,0.5077454936298877
1230,-143.0,0.5291703652915166,0.5291703652915166
1231,-143.0,0.544511494260367,0.544511494260367
1232,-144.0,0.5331852665926119,0.5331852665926119
1233,-136.0,0.533859429197503,0.533859429197503
1234,-108.0,0.5136636291328543,0.5136636291328543
1235,-136.0,0.5017030109519404,0.5017030109519404
1236,-107.0,0.503415961121506,0.503415961121506
1237,-133.0,0.5025012563589387,0.5025012563589387
1238,-108.0,0.5157665981103878,0.5157665981103878
1239,-148.0,0.5142285465970807,0.5142285465970807
1240,-131.0,0.5167332224803204,0.5167332224803204
1241,-107.0,0.5048436851536202,0.5048436851536202
1242,-137.0,0.5148264933681779,0.5148264933681779
1243,-133.0,0.5004858278563328,0.5004858278563328
1244,-138.0,0.5427993074700818,0.5427993074700818
1245,-145.0,0.5148264933681779,0.5148264933681779
1246,-108.0,0.5038779498899725,0.5038779498899725
1247,-168.0,0.5148264933681779,0.5148264933681779
1248,-138.0,0.5148264933681779,0.5148264933681779
1249,-135.0,0.5148264933681779,0.5148264933681779
1250,-141.0,0.513377670361609,0.513377670361609
1251,-108.0,0.5000667785512364,0.5000667785512364
1252,-139.0,0.5174110464231914,0.5174110464231914
1253,-108.0,0.5151081861508887,0.5151081861508887
1254,-107.0,0.5125191373585162,0.5125191373585162
1255,-143.0,0.5061110145042489,0.5061110145042489
1256,-109.0,0.514827202977547,0.514827202977547
1257,-138.0,0.5086627496621398,0.5086627496621398
1258,-107.0,0.5108499314106574,0.5108499314106574
1259,-108.0,0.5030798607192538,0.5030798607192538
1260,-136.0,0.5054443117615053,0.5054443117615053
1261,-136.0,0.5240461622772821,0.5240461622772821
1262,-137.0,0.5106627496621398,0.5106627496621398
1263,-138.0,0.5106627496621398,0.5106627496621398
1264,-138.0,0.5286466958170282,0.5286466958170282
1265,-107.0,0.5083312891724141,0.5083312891724141
1266,-107.0,0.5103429630350408,0.5103429630350408
1267,-94.0,0.502196514905585,0.502196514905585
1268,-178.0,0.5282796982199188,0.5282796982199188
1269,-107.0,0.5132178641216116,0.5132178641216116
1270,-178.0,0.5302796982199188,0.5302796982199188
1271,-106.0,0.5156717449934651,0.5156717449934651
1272,-150.0,0.5282796982199188,0.5282796982199188
1273,-107.0,0.5104679319666605,0.5104679319666605
1274,-106.0,0.5142679708483434,0.5142679708483434
1275,-153.0,0.5148264933681779,0.5148264933681779
1276,-151.0,0.5148264933681779,0.5148264933681779
1277,-106.0,0.500610928080619,0.500610928080619
1278,-138.0,0.5148264933681779,0.5148264933681779
1279,-138.0,0.5148264933681779,0.5148264933681779
1280,-106.0,0.5053266852611196,0.5053266852611196
1281,-107.0,0.5171197716504028,0.5171197716504028
1282,-167.0,0.5148264933681779,0.5148264933681779
1283,-142.0,0.5148264933681779,0.5148264933681779
1284,-137.0,0.5148264933681779,0.5148264933681779
1285,-161.0,0.5148264933681779,0.5148264933681779
1286,-137.0,0.5148264933681779,0.5148264933681779
1287,-140.0,0.5148264933681779,0.5148264933681779
1288,-140.0,0.5148264933681779,0.5148264933681779
1289,-107.0,0.5181519945458545,0.5181519945458545
1290,-137.0,0.5241246423050904,0.5241246423050904
1291,-140.0,0.5148264933681779,0.5148264933681779
1292,-136.0,0.5073816669167013,0.5073816669167013
1293,-139.0,0.5336413487023959,0.5336413487023959
1294,-139.0,0.508592567953373,0.508592567953373
1295,-141.0,0.5276372632937967,0.5276372632937967
1296,-107.0,0.5042943606018179,0.5042943606018179
1297,-139.0,0.506315813106378,0.506315813106378
1298,-142.0,0.5002603433005789,0.5002603433005789
1299,-137.0,0.5130852775053398,0.5130852775053398
1300,-143.0,0.5145504746806004,0.5145504746806004
1301,-140.0,0.5041033482870089,0.5041033482870089
1302,-142.0,0.5176077197725135,0.5176077197725135
1303,-143.0,0.5037292179811873,0.5037292179811873
1304,-140.0,0.5037292179811873,0.5037292179811873
1305,-106.0,0.5204132659136311,0.5204132659136311
1306,-154.0,0.5223161370910866,0.5223161370910866
1307,-109.0,0.5128543259621885,0.5128543259621885
1308,-85.0,0.5050844671271955,0.5050844671271955
1309,-105.0,0.507208268681155,0.507208268681155
1310,-105.0,0.5134767277808958,0.5134767277808958
1311,-142.0,0.5223161370910866,0.5223161370910866
1312,-87.0,0.5153515360113663,0.5153515360113663
1313,-105.0,0.5098510766782633,0.5098510766782633
1314,-106.0,0.5239075178220428,0.5239075178220428
1315,-106.0,0.5034682453096785,0.5034682453096785
1316,-108.0,0.5229444022687115,0.5229444022687115
1317,-89.0,0.5093631479342542,0.5093631479342542
1318,-144.0,0.5219743382996618,0.5219743382996618
1319,-105.0,0.5198325166295268,0.5198325166295268
1320,-86.0,0.5001345039013642,0.5001345039013642
1321,-146.0,0.5129999271409558,0.5129999271409558
1322,-150.0,0.5149502163773907,0.5149502163773907
1323,-105.0,0.5199008405249201,0.5199008405249201
1324,-136.0,0.5149502163773907,0.5149502163773907
1325,-105.0,0.5092728564483227,0.5092728564483227
1326,-105.0,0.5045533494043432,0.5045533494043432
1327,-105.0,0.515504523374862,0.515504523374862
1328,-106.0,0.5263241125487026,0.5263241125487026
1329,-105.0,0.503832158742661,0.503832158742661
1330,-139.0,0.5149502163773907,0.5149502163773907
1331,-106.0,0.5029838252136497,0.5029838252136497
1332,-150.0,0.5189650393898411,0.5189650393898411
1333,-108.0,0.5109637227207982,0.5109637227207982
1334,-105.0,0.530067679495444,0.530067679495444
1335,-135.0,0.5189650393898411,0.5189650393898411
1336,-158.0,0.5149502163773907,0.5149502163773907
1337,-135.0,0.5049387502265379,0.5049387502265379
1338,-97.0,0.5102513743955235,0.5102513743955235
1339,-104.0,0.5090316064581781,0.5090316064581781
1340,-135.0,0.5149502163773907,0.5149502163773907
1341,-105.0,0.5155551488069824,0.5155551488069824
1342,-158.0,0.5149502163773907,0.5149502163773907
1343,-132.0,0.5052231054850721,0.5052231054850721
1344,-105.0,0.512434369041909,0.512434369041909
1345,-168.0,0.5149502163773907,0.5149502163773907
1346,-105.0,0.5097673738251046,0.5097673738251046
1347,-135.0,0.5068148314627452,0.5068148314627452
1348,-106.0,0.5292477479336316,0.5292477479336316
1349,-137.0,0.5302409239522898,0.5302409239522898
1350,-137.0,0.5306525844343561,0.5306525844343561
1351,-105.0,0.5239410065578513,0.5239410065578513
1352,-135.0,0.5248358930183514,0.5248358930183514
1353,-106.0,0.5204469577157214,0.5204469577157214
1354,-136.0,0.5235749211463133,0.5235749211463133
1355,-107.0,0.512740452195943,0.512740452195943
1356,-105.0,0.5153224911207267,0.5153224911207267
1357,-138.0,0.5202540105894384,0.5202540105894384
1358,-105.0,0.5119743203470292,0.5119743203470292
1359,-106.0,0.5134569962225135,0.5134569962225135
1360,-105.0,0.5205944328723562,0.5205944328723562
1361,-105.0,0.5180514185332045,0.5180514185332045
1362,-107.0,0.5136624629701121,0.5136624629701121
1363,-136.0,0.5117298796764291,0.5117298796764291
1364,-104.0,0.5111820564063081,0.5111820564063081
1365,-129.0,0.503026383981343,0.503026383981343
1366,-107.0,0.5043628307893159,0.5043628307893159
1367,-105.0,0.5113166455556916,0.5113166455556916
1368,-136.0,0.5324158711663417,0.5324158711663417
1369,-132.0,0.5050932858509029,0.5050932858509029
1370,-113.0,0.502325426279935,0.502325426279935
1371,-121.0,0.5056076699721532,0.5056076699721532
1372,-140.0,0.5339635230172208,0.5339635230172208
1373,-150.0,0.5234395302741855,0.5234395302741855
1374,-183.0,0.5328020464909061,0.5328020464909061
1375,-107.0,0.5117415820913929,0.5117415820913929
1376,-109.0,0.5185227719166813,0.5185227719166813
1377,-107.0,0.5175233259477328,0.5175233259477328
1378,-155.0,0.5305593810197629,0.5305593810197629
1379,-105.0,0.5088707978377892,0.5088707978377892
1380,-106.0,0.5090040954403036,0.5090040954403036
1381,-106.0,0.5025166234245134,0.5025166234245134
1382,-151.0,0.5305593810197629,0.5305593810197629
1383,-105.0,0.5044567975666548,0.5044567975666548
1384,-105.0,0.5094295075329837,0.5094295075329837
1385,-106.0,0.5113702670998309,0.5113702670998309
1386,-105.0,0.5069708911420779,0.5069708911420779
1387,-117.0,0.5018840708389014,0.5018840708389014
1388,-108.0,0.5093612610597484,0.5093612610597484
1389,-108.0,0.5173301775353737,0.5173301775353737
1390,-111.0,0.5041181141358212,0.5041181141358212
1391,-147.0,0.512881455228779,0.512881455228779
1392,-149.0,0.5180896649113782,0.5180896649113782
1393,-124.0,0.5010648648639443,0.5010648648639443
1394,-145.0,0.5305593810197629,0.5305593810197629
1395,-142.0,0.5260042109851566,0.5260042109851566
1396,-107.0,0.5006532085448409,0.5006532085448409
1397,-153.0,0.537947078799595,0.537947078799595
1398,-105.0,0.5038406134136094,0.5038406134136094
1399,-152.0,0.5189377136110284,0.5189377136110284
1400,-137.0,0.5091856302921233,0.5091856302921233
1401,-106.0,0.5235265511503634,0.5235265511503634
1402,-141.0,0.5165647828397393,0.5165647828397393
1403,-105.0,0.5053943388633974,0.5053943388633974
1404,-105.0,0.5038397396791227,0.5038397396791227
1405,-97.0,0.5005172192052131,0.5005172192052131
1406,-106.0,0.5181155841694873,0.5181155841694873
1407,-175.0,0.5108949585433628,0.5108949585433628
1408,-106.0,0.5113875900367993,0.5113875900367993
1409,-106.0,0.5034236514497155,0.5034236514497155
1410,-155.0,0.5269590679093502,0.5269590679093502
1411,-134.0,0.5205935313014243,0.5205935313014243
1412,-141.0,0.5091856302921233,0.5091856302921233
1413,-148.0,0.5049255060289043,0.5049255060289043
1414,-135.0,0.5087118185313677,0.5087118185313677
1415,-106.0,0.5144356598137481,0.5144356598137481
1416,-138.0,0.5186591980009975,0.5186591980009975
1417,-105.0,0.5213386897253824,0.5213386897253824
1418,-136.0,0.5031716963295719,0.5031716963295719
1419,-144.0,0.5358053981436408,0.5358053981436408
1420,-94.0,0.5048655169892463,0.5048655169892463
1421,-138.0,0.5007488398472056,0.5007488398472056
1422,-133.0,0.5242359246002313,0.5242359246002313
1423,-140.0,0.5254116632645616,0.5254116632645616
1424,-137.0,0.5357004045002116,0.5357004045002116
1425,-144.0,0.5254116632645616,0.5254116632645616
1426,-105.0,0.5086834074186689,0.5086834074186689
1427,-138.0,0.5082647641214902,0.5082647641214902
1428,-138.0,0.534577688097651,0.534577688097651
1429,-105.0,0.5086793213347729,0.5086793213347729
1430,-138.0,0.5128175012953187,0.5128175012953187
1431,-107.0,0.5245549297494242,0.5245549297494242
1432,-138.0,0.5363598039153175,0.5363598039153175
1433,-105.0,0.5267539809698227,0.5267539809698227
1434,-140.0,0.527953053011133,0.527953053011133
1435,-137.0,0.5308318425864033,0.5308318425864033
1436,-105.0,0.520573057343106,0.520573057343106
1437,-90.0,0.503751852956355,0.503751852956355
1438,-138.0,0.5352846642511496,0.5352846642511496
1439,-104.0,0.5081003528714799,0.5081003528714799
1440,-104.0,0.502625704837076,0.502625704837076
1441,-105.0,0.520241823183307,0.520241823183307
1442,-105.0,0.5237527817576716,0.5237527817576716
1443,-105.0,0.521785272357893,0.521785272357893
1444,-173.0,0.5057635867026249,0.5057635867026249
1445,-137.0,0.5230230956098749,0.5230230956098749
1446,-106.0,0.5141170777850165,0.5141170777850165
1447,-136.0,0.5012905681391703,0.5012905681391703
1448,-109.0,0.5085928594710931,0.5085928594710931
1449,-92.0,0.5019106986050306,0.5019106986050306
1450,-106.0,0.5087460651238268,0.5087460651238268
1451,-149.0,0.5018427330674834,0.5018427330674834
1452,-122.0,0.510809820090964,0.510809820090964
1453,-107.0,0.5088560691651085,0.5088560691651085
1454,-150.0,0.5018427330674834,0.5018427330674834
1455,-100.0,0.5043642369587261,0.5043642369587261
1456,-105.0,0.5007590504329353,0.5007590504329353
1457,-109.0,0.5016263351991495,0.5016263351991495
1458,-143.0,0.5418640256423094,0.5418640256423094
1459,-166.0,0.5318923619512614,0.5318923619512614
1460,-97.0,0.5048641957511397,0.5048641957511397
1461,-158.0,0.5007488398472056,0.5007488398472056
1462,-111.0,0.5146277227165583,0.5146277227165583
1463,-94.0,0.5070773257591703,0.5070773257591703
1464,-109.0,0.5147395294700573,0.5147395294700573
1465,-153.0,0.5294293338564604,0.5294293338564604
1466,-110.0,0.5113667137944181,0.5113667137944181
1467,-144.0,0.5003263515609427,0.5003263515609427
1468,-109.0,0.5175641666114824,0.5175641666114824
1469,-114.0,0.5181223490799769,0.5181223490799769
1470,-118.0,0.5134122880794951,0.5134122880794951
1471,-131.0,0.5024596945763625,0.5024596945763625
1472,-109.0,0.5161510313170218,0.5161510313170218
1473,-106.0,0.5187681067225498,0.5187681067225498
1474,-151.0,0.5003263515609427,0.5003263515609427
1475,-139.0,0.5024099999865097,0.5024099999865097
1476,-145.0,0.5003263515609427,0.5003263515609427
1477,-146.0,0.5024099999865097,0.5024099999865097
1478,-100.0,0.5030174652245172,0.5030174652245172
1479,-129.0,0.5029380590471428,0.5029380590471428
1480,-137.0,0.542787045264439,0.542787045264439
1481,-136.0,0.5291585807651361,0.5291585807651361
1482,-195.0,0.5426277116133129,0.5426277116133129
1483,-140.0,0.539975670028781,0.539975670028781
1484,-138.0,0.539975670028781,0.539975670028781
1485,-131.0,0.507041644830677,0.507041644830677
1486,-90.0,0.5143540212046204,0.5143540212046204
1487,-137.0,0.5216959088434981,0.5216959088434981
1488,-143.0,0.539983145497122,0.539983145497122
1489,-160.0,0.539975670028781,0.539975670028781
1490,-105.0,0.5054108414386964,0.5054108414386964
1491,-105.0,0.52021559429877,0.52021559429877
1492,-137.0,0.5379681964123119,0.5379681964123119
1493,-161.0,0.539983145497122,0.539983145497122
1494,-137.0,0.539983145497122,0.539983145497122
1495,-144.0,0.539983145497122,0.539983145497122
1496,-134.0,0.5047768393204622,0.5047768393204622
1497,-134.0,0.5039152133304082,0.5039152133304082
1498,-133.0,0.5044739729878785,0.5044739729878785
1499,-138.0,0.5298114621285104,0.5298114621285104
1500,-140.0,0.5367141322835007,0.5367141322835007
1501,-98.0,0.5126788792987035,0.5126788792987035
1502,-95.0,0.5095145263407561,0.5095145263407561
1503,-94.0,0.5024289738023524,0.5024289738023524
1504,-159.0,0.5408727600058004,0.5408727600058004
1505,-153.0,0.5408727600058004,0.5408727600058004
1506,-140.0,0.5408727600058004,0.5408727600058004
1507,-102.0,0.5075475098783808,0.5075475098783808
1508,-138.0,0.5408727600058004,0.5408727600058004
1509,-105.0,0.5017729648243006,0.5017729648243006
1510,-95.0,0.5040628235644817,0.5040628235644817
1511,-108.0,0.518967099212622,0.518967099212622
1512,-106.0,0.5144505417401034,0.5144505417401034
1513,-97.0,0.510016682915565,0.510016682915565
1514,-106.0,0.5157385551862458,0.5157385551862458
1515,-155.0,0.5399653456167555,0.5399653456167555
1516,-105.0,0.5263912892323965,0.5263912892323965
1517,-105.0,0.5151588138526985,0.5151588138526985
1518,-174.0,0.5318632337297609,0.5318632337297609
1519,-92.0,0.5093503720629008,0.5093503720629008
1520,-143.0,0.5195235734731134,0.5195235734731134
1521,-93.0,0.5149934513948411,0.5149934513948411
1522,-105.0,0.503089347531704,0.503089347531704
1523,-147.0,0.5143802882590911,0.5143802882590911
1524,-148.0,0.5155168784532296,0.5155168784532296
1525,-159.0,0.5155168784532296,0.5155168784532296
1526,-110.0,0.5130045667044688,0.5130045667044688
1527,-105.0,0.5168820884982326,0.5168820884982326
1528,-156.0,0.5155168784532296,0.5155168784532296
1529,-139.0,0.5143802882590911,0.5143802882590911
1530,-105.0,0.5040554849599019,0.5040554849599019
1531,-138.0,0.5081355029620002,0.5081355029620002
1532,-152.0,0.5081355029620002,0.5081355029620002
1533,-111.0,0.5197537452211336,0.5197537452211336
1534,-140.0,0.5081355029620002,0.5081355029620002
1535,-138.0,0.5081355029620002,0.5081355029620002
1536,-146.0,0.5081355029620002,0.5081355029620002
1537,-157.0,0.5081355029620002,0.5081355029620002
1538,-141.0,0.5081355029620002,0.5081355029620002
1539,-89.0,0.5074776557328737,0.5074776557328737
1540,-95.0,0.5080202876869451,0.5080202876869451
1541,-138.0,0.5227872730637871,0.5227872730637871
1542,-151.0,0.5081355029620002,0.5081355029620002
1543,-139.0,0.5081355029620002,0.5081355029620002
1544,-99.0,0.5119522933713082,0.5119522933713082
1545,-105.0,0.5055900472458805,0.5055900472458805
1546,-94.0,0.5034265743466698,0.5034265743466698
1547,-91.0,0.515045424498017,0.515045424498017
1548,-140.0,0.5260843415313956,0.5260843415313956
1549,-87.0,0.5038023802676564,0.5038023802676564
1550,-141.0,0.5081355029620002,0.5081355029620002
1551,-105.0,0.5085908043049435,0.5085908043049435
1552,-90.0,0.5037336064398528,0.5037336064398528
1553,-98.0,0.5070387118729918,0.5070387118729918
1554,-140.0,0.5081355029620002,0.5081355029620002
1555,-106.0,0.5204107220607264,0.5204107220607264
1556,-200.0,-0.6895536666604415,0.49958390358072174
1557,-90.0,0.5115142803329179,0.5115142803329179
1558,-106.0,0.5213262921474826,0.5213262921474826
1559,-153.0,0.5274148350827346,0.5274148350827346
1560,-146.0,0.5371884101189072,0.5371884101189072
1561,-97.0,0.5004781235900921,0.5004781235900921
1562,-147.0,0.5274148350827346,0.5274148350827346
1563,-145.0,0.5371884101189072,0.5371884101189072
1564,-105.0,0.5060301950012472,0.5060301950012472
1565,-105.0,0.5100713087935054,0.5100713087935054
1566,-115.0,0.5068377058312084,0.5068377058312084
1567,-106.0,0.5200574841958906,0.5200574841958906
1568,-105.0,0.5076204171668125,0.5076204171668125
1569,-141.0,0.5192449900936639,0.5192449900936639
1570,-129.0,0.5091764514315801,0.5091764514315801
1571,-89.0,0.5103561269421945,0.5103561269421945
1572,-106.0,0.5179935010138803,0.5179935010138803
1573,-105.0,0.5038189677391866,0.5038189677391866
1574,-105.0,0.5088119826582137,0.5088119826582137
1575,-159.0,0.5361692679960793,0.5361692679960793
1576,-105.0,0.5142942130039792,0.5142942130039792
1577,-139.0,0.5334979973713042,0.5334979973713042
1578,-111.0,0.5030384458726481,0.5030384458726481
1579,-105.0,0.5019287027976047,0.5019287027976047
1580,-105.0,0.509708288954238,0.509708288954238
1581,-137.0,0.5110929636368934,0.5110929636368934
1582,-106.0,0.5236323569311614,0.5236323569311614
1583,-106.0,0.5015475126242813,0.5015475126242813
1584,-108.0,0.5383025821913667,0.5383025821913667
1585,-106.0,0.5065873680427222,0.5065873680427222
1586,-151.0,0.5314437189219984,0.5314437189219984
1587,-143.0,0.5314437189219984,0.5314437189219984
1588,-167.0,0.5168268431347564,0.5168268431347564
1589,-106.0,0.5067581270558232,0.5067581270558232
1590,-106.0,0.519598021295784,0.519598021295784
1591,-105.0,0.5056192525976307,0.5056192525976307
1592,-90.0,0.507908686398079,0.507908686398079
1593,-172.0,0.5413526541469592,0.5413526541469592
1594,-105.0,0.5072122947078889,0.5072122947078889
1595,-92.0,0.5018585040331455,0.5018585040331455
1596,-105.0,0.5091587178429722,0.5091587178429722
1597,-105.0,0.5058690758798394,0.5058690758798394
1598,-105.0,0.5170706255781361,0.5170706255781361
1599,-151.0,0.5332422410354164,0.5332422410354164
1600,-155.0,0.5332422410354164,0.5332422410354164
1601,-140.0,0.5175325800413716,0.5175325800413716
1602,-137.0,0.532139635695101,0.532139635695101
1603,-138.0,0.532139635695101,0.532139635695101
1604,-105.0,0.5155602814659064,0.5155602814659064
1605,-105.0,0.5134354782699742,0.5134354782699742
1606,-105.0,0.5002544782924332,0.5002544782924332
1607,-165.0,0.5136802302871446,0.5136802302871446
1608,-105.0,0.5009315900927535,0.5009315900927535
1609,-139.0,0.5283777135707626,0.5283777135707626
1610,-105.0,0.5093717355298516,0.5093717355298516
1611,-96.0,0.5105857140642157,0.5105857140642157
1612,-106.0,0.5031593177050282,0.5031593177050282
1613,-105.0,0.5167822286520402,0.5167822286520402
1614,-105.0,0.5101339302160103,0.5101339302160103
1615,-105.0,0.5172254959652908,0.5172254959652908
1616,-110.0,0.5033956597787861,0.5033956597787861
1617,-87.0,0.5125877565231219,0.5125877565231219
1618,-88.0,0.5063785374147315,0.5063785374147315
1619,-105.0,0.5231612622462343,0.5231612622462343
1620,-101.0,0.5008323475434421,0.5008323475434421
1621,-140.0,0.5237251758076517,0.5237251758076517
1622,-106.0,0.5199986763999149,0.5199986763999149
1623,-105.0,0.5022806420776393,0.5022806420776393
1624,-99.0,0.5098164969056351,0.5098164969056351
1625,-105.0,0.50616297375196,0.50616297375196
1626,-158.0,0.5261025627815625,0.5261025627815625
1627,-162.0,0.5261025627815625,0.5261025627815625
1628,-106.0,0.5200312186227939,0.5200312186227939
1629,-145.0,0.5261025627815625,0.5261025627815625
1630,-105.0,0.511711962939388,0.511711962939388
1631,-146.0,0.5281025627815625,0.5281025627815625
1632,-105.0,0.5028863794014796,0.5028863794014796
1633,-104.0,0.5085709644713913,0.5085709644713913
1634,-104.0,0.5011800144292413,0.5011800144292413
1635,-105.0,0.5092249466309553,0.5092249466309553
1636,-105.0,0.5105755583561957,0.5105755583561957
1637,-141.0,0.5170374583087998,0.5170374583087998
1638,-105.0,0.5063345562555777,0.5063345562555777
1639,-86.0,0.5019802982308409,0.5019802982308409
1640,-171.0,0.5202678394265775,0.5202678394265775
1641,-169.0,0.505837042673925,0.505837042673925
1642,-105.0,0.5220244333442983,0.5220244333442983
1643,-153.0,0.505837042673925,0.505837042673925
1644,-90.0,0.5136302989837818,0.5136302989837818
1645,-105.0,0.51335701978149,0.51335701978149
1646,-105.0,0.5155453731814365,0.5155453731814365
1647,-140.0,0.505837042673925,0.505837042673925
1648,-105.0,0.5163889455209174,0.5163889455209174
1649,-106.0,0.5181802965841444,0.5181802965841444
1650,-140.0,0.513212406551964,0.513212406551964
1651,-99.0,0.5051760167903714,0.5051760167903714
1652,-105.0,0.5130174994747088,0.5130174994747088
1653,-139.0,0.505837042673925,0.505837042673925
1654,-107.0,0.50865430202754,0.50865430202754
1655,-105.0,0.5180538190109044,0.5180538190109044
1656,-161.0,0.5274218724856569,0.5274218724856569
1657,-141.0,0.5359776880211344,0.5359776880211344
1658,-126.0,0.5028535943192532,0.5028535943192532
1659,-139.0,0.5379851643526323,0.5379851643526323
1660,-138.0,0.5359776880211344,0.5359776880211344
1661,-175.0,0.5359776880211344,0.5359776880211344
1662,-138.0,0.5359776880211344,0.5359776880211344
1663,-140.0,0.5359776880211344,0.5359776880211344
1664,-170.0,0.5359776880211344,0.5359776880211344
1665,-142.0,0.5359776880211344,0.5359776880211344
1666,-141.0,0.5359776880211344,0.5359776880211344
1667,-144.0,0.5359776880211344,0.5359776880211344
1668,-139.0,0.5085751367456611,0.5085751367456611
1669,-105.0,0.5173936886217899,0.5173936886217899
1670,-139.0,0.5132581287023111,0.5132581287023111
1671,-139.0,0.5035714505365609,0.5035714505365609
1672,-141.0,0.5173511182367955,0.5173511182367955
1673,-141.0,0.5140238997509551,0.5140238997509551
1674,-108.0,0.519731272097911,0.519731272097911
1675,-96.0,0.5011880010616385,0.5011880010616385
1676,-107.0,0.5144059196902857,0.5144059196902857
1677,-142.0,0.5175737164434694,0.5175737164434694
1678,-138.0,0.523596538053646,0.523596538053646
1679,-105.0,0.5087669332190253,0.5087669332190253
1680,-106.0,0.5053806062699621,0.5053806062699621
1681,-112.0,0.5012384287933066,0.5012384287933066
1682,-154.0,0.5261025627815625,0.5261025627815625
1683,-107.0,0.5040085412443035,0.5040085412443035
1684,-91.0,0.5156547761318769,0.5156547761318769
1685,-105.0,0.5064397573897531,0.5064397573897531
1686,-106.0,0.5010986586266386,0.5010986586266386
1687,-105.0,0.5046197523202214,0.5046197523202214
1688,-106.0,0.5163094629124723,0.5163094629124723
1689,-105.0,0.5120571868562623,0.5120571868562623
1690,-88.0,0.5086312364861308,0.5086312364861308
1691,-106.0,0.5172766079952832,0.5172766079952832
1692,-109.0,0.501238793308518,0.501238793308518
1693,-105.0,0.5162423501391378,0.5162423501391378
1694,-107.0,0.5191672886643448,0.5191672886643448
1695,-106.0,0.5101435980869865,0.5101435980869865
1696,-107.0,0.5002618692103858,0.5002618692103858
1697,-107.0,0.5141480474124027,0.5141480474124027
1698,-107.0,0.5143779696239146,0.5143779696239146
1699,-107.0,0.5088513739620023,0.5088513739620023
1700,-107.0,0.5050639478960681,0.5050639478960681
1701,-106.0,0.5149449292104434,0.5149449292104434
1702,-138.0,0.5081594615922751,0.5081594615922751
1703,-136.0,0.5075549494033387,0.5075549494033387
1704,-140.0,0.5054958825335594,0.5054958825335594
1705,-107.0,0.5199939582759042,0.5199939582759042
1706,-107.0,0.5145452930636958,0.5145452930636958
1707,-141.0,0.5035714505365609,0.5035714505365609
1708,-107.0,0.5147022300103362,0.5147022300103362
1709,-140.0,0.5159334959164468,0.5159334959164468
1710,-108.0,0.5199391219500777,0.5199391219500777
1711,-157.0,0.5315981232276394,0.5315981232276394
1712,-108.0,0.5041693618781887,0.5041693618781887
1713,-143.0,0.5206366290907649,0.5206366290907649
1714,-164.0,0.524055870790426,0.524055870790426
1715,-150.0,0.527684363587889,0.527684363587889
1716,-108.0,0.5157738172855313,0.5157738172855313
1717,-138.0,0.5028755902034818,0.5028755902034818
1718,-149.0,0.5267950114105013,0.5267950114105013
1719,-108.0,0.5129013915307108,0.5129013915307108
1720,-146.0,0.5324809634405923,0.5324809634405923
1721,-134.0,0.5121139054752788,0.5121139054752788
1722,-147.0,0.505198349703605,0.505198349703605
1723,-106.0,0.5034914104964402,0.5034914104964402
1724,-107.0,0.5077367111327207,0.5077367111327207
1725,-110.0,0.5155389281363664,0.5155389281363664
1726,-144.0,0.5205544634156175,0.5205544634156175
1727,-144.0,0.515656444847092,0.515656444847092
1728,-136.0,0.5006302986748731,0.5006302986748731
1729,-139.0,0.5319147644218425,0.5319147644218425
1730,-109.0,0.508632469093276,0.508632469093276
1731,-156.0,0.5190168082369326,0.5190168082369326
1732,-115.0,0.5053685940677937,0.5053685940677937
1733,-136.0,0.5046316071280855,0.5046316071280855
1734,-112.0,0.5088447426880338,0.5088447426880338
1735,-109.0,0.5156100956924355,0.5156100956924355
1736,-108.0,0.5067777778883741,0.5067777778883741
1737,-107.0,0.5071633165998076,0.5071633165998076
1738,-136.0,0.5196116869884102,0.5196116869884102
1739,-108.0,0.5077775995051869,0.5077775995051869
1740,-139.0,0.5203754206656328,0.5203754206656328
1741,-148.0,0.5110381261743756,0.5110381261743756
1742,-156.0,0.512726809746493,0.512726809746493
1743,-136.0,0.5012420329092804,0.5012420329092804
1744,-109.0,0.5001386682458976,0.5001386682458976
1745,-140.0,0.5230843075864245,0.5230843075864245
1746,-107.0,0.5195589290443305,0.5195589290443305
1747,-107.0,0.5163115854916476,0.5163115854916476
1748,-146.0,0.5048612486515028,0.5048612486515028
1749,-106.0,0.5173682927641453,0.5173682927641453
1750,-93.0,0.5001469772548841,0.5001469772548841
1751,-88.0,0.5130397029718149,0.5130397029718149
1752,-103.0,0.5066548642889374,0.5066548642889374
1753,-107.0,0.5087912987712742,0.5087912987712742
1754,-107.0,0.513977075294381,0.513977075294381
1755,-94.0,0.5123466007468819,0.5123466007468819
1756,-95.0,0.5096468928776049,0.5096468928776049
1757,-111.0,0.5070041383578205,0.5070041383578205
1758,-106.0,0.5157023353599534,0.5157023353599534
1759,-160.0,0.5274147475260935,0.5274147475260935
1760,-87.0,0.5108617043019986,0.5108617043019986
1761,-143.0,0.5322584416665848,0.5322584416665848
1762,-94.0,0.5138693040172478,0.5138693040172478
1763,-136.0,0.5252203498841383,0.5252203498841383
1764,-145.0,0.5078073498235594,0.5078073498235594
1765,-93.0,0.508188622898738,0.508188622898738
1766,-137.0,0.5067279315043162,0.5067279315043162
1767,-134.0,0.515318380765696,0.515318380765696
1768,-92.0,0.5038330607544604,0.5038330607544604
1769,-155.0,0.5099715374631266,0.5099715374631266
1770,-138.0,0.5321201583428921,0.5321201583428921
1771,-89.0,0.5129892282975271,0.5129892282975271
1772,-101.0,0.5098647014566766,0.5098647014566766
1773,-116.0,0.5062446334733269,0.5062446334733269
1774,-133.0,0.5195427993492006,0.5195427993492006
1775,-98.0,0.5116945937924157,0.5116945937924157
1776,-136.0,0.5165894546281672,0.5165894546281672
1777,-132.0,0.5031302436172496,0.5031302436172496
1778,-144.0,0.5019749131156566,0.5019749131156566
1779,-88.0,0.5063885302078659,0.5063885302078659
1780,-131.0,0.5166446815546162,0.5166446815546162
1781,-106.0,0.5107634719202041,0.5107634719202041
1782,-105.0,0.5032101055944651,0.5032101055944651
1783,-106.0,0.5105648845648435,0.5105648845648435
1784,-106.0,0.5136122488211122,0.5136122488211122
1785,-107.0,0.5232504803257646,0.5232504803257646
1786,-106.0,0.5180896660556028,0.5180896660556028
1787,-148.0,0.5320397503976189,0.5320397503976189
1788,-147.0,0.5320397503976189,0.5320397503976189
1789,-131.0,0.516297758950512,0.516297758950512
1790,-106.0,0.5158432210014254,0.5158432210014254
1791,-105.0,0.5039484607057573,0.5039484607057573
1792,-125.0,0.5049391847976751,0.5049391847976751
1793,-106.0,0.5100308713526602,0.5100308713526602
1794,-147.0,0.5068602334585874,0.5068602334585874
1795,-105.0,0.5073364013980557,0.5073364013980557
1796,-151.0,0.5076137752978402,0.5076137752978402
1797,-138.0,0.5060790810721876,0.5060790810721876
1798,-105.0,0.5051581866151199,0.5051581866151199
1799,-105.0,0.5042677337604734,0.5042677337604734
1800,-133.0,0.513339308984557,0.513339308984557
1801,-97.0,0.5012308161141001,0.5012308161141001
1802,-106.0,0.519229315325013,0.519229315325013
1803,-109.0,0.5095712909074435,0.5095712909074435
1804,-105.0,0.5045008006849402,0.5045008006849402
1805,-108.0,0.5047893454877892,0.5047893454877892
1806,-105.0,0.514626004633818,0.514626004633818
1807,-106.0,0.5195627803457812,0.5195627803457812
1808,-133.0,0.5184482501017571,0.5184482501017571
1809,-95.0,0.5016608942512478,0.5016608942512478
1810,-132.0,0.5176581740837689,0.5176581740837689
1811,-143.0,0.5202220323341427,0.5202220323341427
1812,-132.0,0.5193024933367066,0.5193024933367066
1813,-146.0,0.5146845637650117,0.5146845637650117
1814,-132.0,0.5078161903672532,0.5078161903672532
1815,-108.0,0.5053678270150227,0.5053678270150227
1816,-133.0,0.5160425063555167,0.5160425063555167
1817,-146.0,0.509611013747721,0.509611013747721
1818,-138.0,0.5212860382367146,0.5212860382367146
1819,-105.0,0.5002989100526821,0.5002989100526821
1820,-144.0,0.5161355612815185,0.5161355612815185
1821,-136.0,0.522380093828807,0.522380093828807
1822,-134.0,0.5191342839381355,0.5191342839381355
1823,-107.0,0.5196153106045047,0.5196153106045047
1824,-162.0,0.5287907831099418,0.5287907831099418
1825,-106.0,0.5036577388316168,0.5036577388316168
1826,-106.0,0.5149754226249529,0.5149754226249529
1827,-106.0,0.5115223866822229,0.5115223866822229
1828,-107.0,0.5167519326590388,0.5167519326590388
1829,-136.0,0.517713313490817,0.517713313490817
1830,-107.0,0.5046322403556174,0.5046322403556174
1831,-107.0,0.5026167435219,0.5026167435219
1832,-134.0,0.5153705100715176,0.5153705100715176
1833,-136.0,0.5083213900568742,0.5083213900568742
1834,-106.0,0.519675091330009,0.519675091330009
1835,-106.0,0.5028042347462853,0.5028042347462853
1836,-135.0,0.5137274938739889,0.5137274938739889
1837,-134.0,0.5085326676155041,0.5085326676155041
1838,-169.0,0.5148931031060726,0.5148931031060726
1839,-105.0,0.5139305671300792,0.5139305671300792
1840,-104.0,0.5031870974784576,0.5031870974784576
1841,-134.0,0.5031952570836615,0.5031952570836615
1842,-107.0,0.5060064454982741,0.5060064454982741
1843,-141.0,0.5262816020225402,0.5262816020225402
1844,-117.0,0.5016071950476986,0.5016071950476986
1845,-105.0,0.5096025930237527,0.5096025930237527
1846,-135.0,0.5259793319801874,0.5259793319801874
1847,-133.0,0.5091827000363729,0.5091827000363729
1848,-133.0,0.518277153439105,0.518277153439105
1849,-105.0,0.5107622504815647,0.5107622504815647
1850,-115.0,0.5025161547783897,0.5025161547783897
1851,-105.0,0.5063862018757805,0.5063862018757805
1852,-134.0,0.5011495976191231,0.5011495976191231
1853,-123.0,0.5035360580802907,0.5035360580802907
1854,-108.0,0.5185427791009829,0.5185427791009829
1855,-132.0,0.5061229669872821,0.5061229669872821
1856,-158.0,0.5359911874248583,0.5359911874248583
1857,-134.0,0.5151669555579255,0.5151669555579255
1858,-148.0,0.5162784715342571,0.5162784715342571
1859,-159.0,0.5168311568233027,0.5168311568233027
1860,-119.0,0.5094388360134098,0.5094388360134098
1861,-110.0,0.5068140280393791,0.5068140280393791
1862,-106.0,0.5033128614971999,0.5033128614971999
1863,-109.0,0.5027724364594939,0.5027724364594939
1864,-135.0,0.5180668469843767,0.5180668469843767
1865,-137.0,0.5161031534497834,0.5161031534497834
1866,-135.0,0.506366057738757,0.506366057738757
1867,-154.0,0.5109999103254084,0.5109999103254084
1868,-140.0,0.5258129316056231,0.5258129316056231
1869,-133.0,0.510627895245396,0.510627895245396
1870,-108.0,0.5237972365224087,0.5237972365224087
1871,-142.0,0.5177246492601499,0.5177246492601499
1872,-114.0,0.5079534940055466,0.5079534940055466
1873,-108.0,0.5176870451827251,0.5176870451827251
1874,-109.0,0.5088058475653172,0.5088058475653172
1875,-147.0,0.5252236066464595,0.5252236066464595
1876,-141.0,0.5206594032573947,0.5206594032573947
1877,-109.0,0.5016965006246752,0.5016965006246752
1878,-110.0,0.5004364506487647,0.5004364506487647
1879,-109.0,0.5013870271931468,0.5013870271931468
1880,-108.0,0.5008103320963506,0.5008103320963506
1881,-108.0,0.5246373829743554,0.5246373829743554
1882,-107.0,0.520778420889847,0.520778420889847
1883,-139.0,0.506221523243115,0.506221523243115
1884,-106.0,0.5035492289060227,0.5035492289060227
1885,-106.0,0.5139318117098698,0.5139318117098698
1886,-135.0,0.5073613126209509,0.5073613126209509
1887,-136.0,0.5356978898312863,0.5356978898312863
1888,-108.0,0.5131138515248869,0.5131138515248869
1889,-108.0,0.5127751584419666,0.5127751584419666
1890,-107.0,0.5004783215393594,0.5004783215393594
1891,-112.0,0.5128553080916727,0.5128553080916727
1892,-114.0,0.5081311788541244,0.5081311788541244
1893,-135.0,0.5245470128984673,0.5245470128984673
1894,-143.0,0.5072035427845472,0.5072035427845472
1895,-141.0,0.506221523243115,0.506221523243115
1896,-109.0,0.5016906807606746,0.5016906807606746
1897,-110.0,0.5037975563266933,0.5037975563266933
1898,-137.0,0.506221523243115,0.506221523243115
1899,-162.0,0.506221523243115,0.506221523243115
